follow_time,account_nb_followers,account_nb_following,account_nb_posts,hashtag,first_pic_liked,hours_before_unfollowing,unfollow_time,account_username
2020-11-20 13:41:13.131001,1507,1977,2,followers,0,16,2020-11-21 01:37:26.600694,arsul__
2020-11-20 13:41:42.513266,2817,3810,539,car,1,78,,m3_oldschool_67
2020-11-20 13:41:50.512695,191000,78,1263,car,0,95,,bentley_fan
2020-11-20 14:16:24.211964,9183,198,118,l4l,0,5,2020-11-20 14:31:37.136332,vishakha.m.13
2020-11-20 14:32:10.770057,4984,1643,71,follower4follower,0,56,2020-11-20 14:41:34.056385,frenk95ita
2020-11-20 14:32:13.244620,43,5,11,follower4follower,1,16,2020-11-20 14:41:34.056385,ely_vozza
2020-11-20 14:32:25.450003,252000,1870,3065,foodie,0,33,2020-11-20 14:41:34.056385,top_london_restaurants
2020-11-20 14:32:31.445344,2826,1051,109,foodie,0,62,2020-11-20 14:41:34.056385,anggunfriciil
2020-11-20 14:41:45.752625,2691,213,97,l4l,1,54,2020-11-20 16:26:02.543591,lerka_derkach
2020-11-20 14:41:48.487734,1569,745,68,l4l,0,13,2020-11-20 16:26:02.543591,chocconon
2020-11-20 14:42:00.712537,4377,1099,3,f2f,0,61,2020-11-20 16:26:02.543591,dian.gelbert
2020-11-20 14:42:19.887183,344,284,15,f2f,1,74,2020-11-20 16:26:02.543591,_bhupender_chandila_
2020-11-20 16:26:14.341353,48000,1819,1445,l4l,0,43,2020-11-20 16:36:34.854031,venitaaspen
2020-11-20 16:26:17.785219,2917,363,69,l4l,1,90,2020-11-20 16:36:34.854031,j.x.bby
2020-11-20 16:26:28.829877,118000,95,510,like4like,0,35,2020-11-20 16:36:34.854031,vogueclasy
2020-11-20 16:26:31.769327,8367,3544,500,like4like,1,18,2020-11-20 16:36:34.854031,thaisadren
2020-11-20 16:36:57.650639,487,297,415,followeraktif,1,53,2020-11-20 16:47:26.714401,hallat_e_dil
2020-11-20 16:37:00.349467,199,453,113,followeraktif,0,77,2020-11-20 16:47:26.714401,woles_art22
2020-11-20 16:37:12.728968,844000,326,4344,car,0,95,2020-11-20 16:47:26.714401,benz.c1ub
2020-11-20 16:37:22.204038,8698,7213,278,car,1,8,2020-11-21 01:23:02.515540,luxuriousupercars
2020-11-20 16:47:38.125911,295000,14,950,friends,0,40,2020-11-20 16:58:08.683473,friendsviids
2020-11-20 16:47:40.790880,5085,1294,2133,friends,0,9,2020-11-20 16:58:08.683473,dennysmall
2020-11-20 16:58:20.616093,719,90,59,selfie,1,92,2020-11-20 17:09:17.726748,allure._.2
2020-11-20 16:58:24.375258,1442,396,8,selfie,0,25,2020-11-20 17:09:17.726748,aishatiemenss
2020-11-20 16:58:36.936110,8367,3544,500,like4like,1,57,2020-11-20 17:09:17.726748,thaisadren
2020-11-20 16:58:58.632350,2196,1132,122,clothing,1,89,2020-11-20 19:31:29.250286,carolinalexh
2020-11-20 16:59:02.709442,1003,626,19,clothing,1,32,2020-11-20 17:09:17.726748,amrat_nokhriya
2020-11-20 16:59:07.349387,10900,647,60,clothing,0,73,2020-11-20 17:09:17.726748,atiannaah
2020-11-20 16:59:25.443035,976,234,113,instalife,1,5,2020-11-20 17:09:17.726748,thehappinessmuse
2020-11-20 16:59:30.914314,3389,351,2331,instalife,0,4,2020-11-20 17:09:17.726748,kirilenko_anastasia
2020-11-20 16:59:43.830256,22100,1445,1006,instagood,1,55,2020-11-20 17:09:17.726748,nikitasachdev5
2020-11-20 16:59:47.712631,23000,7318,692,instagood,0,87,2020-11-20 17:09:17.726748,theflavour.tummy
2020-11-20 17:00:01.906791,2919,363,69,l4l,0,24,2020-11-20 17:09:17.726748,j.x.bby
2020-11-20 17:00:04.974177,7577,7422,667,l4l,0,47,2020-11-20 17:09:17.726748,valeriphoto97
2020-11-20 17:00:09.304510,6418,317,304,l4l,1,54,2020-11-20 17:09:17.726748,lorenariitano
2020-11-20 17:09:30.363033,14200,7468,258,car,1,27,2020-11-20 17:21:02.896216,esexty3
2020-11-20 17:09:33.008555,7804,3463,104,car,0,75,2020-11-20 17:21:02.896216,508cars
2020-11-20 17:09:45.075735,917,309,134,like4like,0,5,2020-11-20 17:21:02.896216,suxzzx
2020-11-20 17:09:53.426419,2634,1129,43,like4like,1,88,2020-11-20 17:21:02.896216,luv.vicky
2020-11-20 17:09:58.129088,35100,459,392,like4like,0,22,2020-11-20 17:21:02.896216,beyondyourgrasp
2020-11-20 17:10:10.897337,50100,1012,262,beach,1,5,2020-11-20 17:21:02.896216,floormasselink
2020-11-20 17:10:14.492293,311000,1996,3422,beach,0,83,2020-11-20 17:21:02.896216,_carollisboa
2020-11-20 17:10:53.872740,234,102,41,follower4follower,1,81,2020-11-20 17:21:02.896216,28tarun
2020-11-20 17:11:19.017140,88400,474,1001,followeraktif,0,10,2020-11-20 17:21:02.896216,geguyonan_99
2020-11-20 17:11:22.107013,1170,895,25,followeraktif,1,32,2020-11-20 17:21:02.896216,sdaanr_
2020-11-20 17:11:46.280156,88400,474,1001,followeraktif,0,15,2020-11-20 17:21:02.896216,geguyonan_99
2020-11-20 17:11:49.055807,1170,895,25,followeraktif,1,79,2020-11-20 17:21:02.896216,sdaanr_
2020-11-20 17:21:14.775973,8516,487,169,foodie,1,38,2020-11-20 17:31:52.208071,sandra_kotowicz
2020-11-20 17:21:18.692402,32500,4003,843,foodie,0,28,2020-11-20 17:31:52.208071,thebiankastyle
2020-11-20 17:21:30.867141,7980,1927,391,car,0,17,2020-11-20 17:31:52.208071,amazingcarclub7
2020-11-20 17:21:33.623165,14200,7468,258,car,1,60,2020-11-20 17:31:52.208071,esexty3
2020-11-20 17:21:36.840897,6227,2940,350,car,0,81,2020-11-20 17:31:52.208071,need.for.bmw
2020-11-20 17:21:49.261623,2702,3124,11,instagood,1,18,2020-11-20 17:31:52.208071,salarok._.1999
2020-11-20 17:21:53.536914,9398,206,127,instagood,0,23,2020-11-20 17:31:52.208071,noemi.knz
2020-11-20 17:22:06.300751,1706,619,46,followers,1,73,2020-11-20 17:31:52.208071,thisis_eon
2020-11-20 17:22:09.892521,1133,1867,28,followers,0,85,2020-11-20 17:31:52.208071,natureweadmire
2020-11-20 17:22:22.713737,2702,3124,11,instagood,1,90,2020-11-20 17:31:52.208071,salarok._.1999
2020-11-20 17:22:25.332301,9398,206,127,instagood,0,26,2020-11-20 17:31:52.208071,noemi.knz
2020-11-20 17:22:37.003892,2702,3124,11,instagood,0,83,2020-11-20 17:31:52.208071,salarok._.1999
2020-11-20 17:22:40.216922,9398,206,127,instagood,1,5,2020-11-20 17:31:52.208071,noemi.knz
2020-11-20 17:22:44.254643,1266,693,26,instagood,0,50,2020-11-20 17:31:52.208071,mr_d_e_v_a_n_s_h
2020-11-20 17:32:03.751751,919,309,134,like4like,1,58,2020-11-20 17:43:39.622409,suxzzx
2020-11-20 17:32:06.864782,2583,1298,99,like4like,0,79,2020-11-20 17:43:39.622409,finnnik_
2020-11-20 17:32:26.376791,124000,399,621,clothing,1,78,2020-11-20 17:43:39.622409,amararoseofficial
2020-11-20 17:32:29.185662,1003,626,19,clothing,0,93,2020-11-20 17:43:39.622409,amrat_nokhriya
2020-11-20 17:32:41.586704,50100,1012,262,beach,1,15,2020-11-20 17:43:39.622409,floormasselink
2020-11-20 17:32:45.879937,11800,751,229,beach,0,29,2020-11-20 17:43:39.622409,fanibren
2020-11-20 17:33:01.529600,2703,3125,11,instagood,0,11,2020-11-20 17:43:39.622409,salarok._.1999
2020-11-20 17:33:04.434029,1266,693,26,instagood,1,73,2020-11-20 17:43:39.622409,mr_d_e_v_a_n_s_h
2020-11-20 17:33:08.088173,6312,2012,178,instagood,0,71,2020-11-21 01:37:26.600694,raphaellasilvs
2020-11-20 17:33:26.633668,4378,1099,3,f2f,0,85,2020-11-20 17:43:39.622409,dian.gelbert
2020-11-20 17:33:44.404563,670,993,65,f2f,0,33,2020-11-20 17:43:39.622409,bariatricbros
2020-11-20 17:33:46.733266,78,76,26,f2f,1,93,2020-11-20 17:43:39.622409,tunakkara
2020-11-20 17:34:25.218576,1674,1560,79,follower4follower,0,35,2020-11-20 17:43:39.622409,cookingtanya
2020-11-20 17:34:28.240345,9199,77,1319,follower4follower,1,45,2020-11-20 17:43:39.622409,amascalzonburgerhouse
2020-11-20 17:34:30.882277,234,102,41,follower4follower,0,21,2020-11-20 17:43:39.622409,28tarun
2020-11-20 17:43:51.126144,7659,5351,384,car,0,16,2020-11-20 17:55:17.213659,reflexvehicles
2020-11-20 17:43:54.257482,69200,501,1550,car,0,77,2020-11-20 17:55:17.213659,audiquattrolove
2020-11-20 17:44:02.780001,14200,7468,258,car,1,72,2020-11-20 17:55:17.213659,esexty3
2020-11-20 17:44:20.439948,88400,474,1001,followeraktif,1,73,2020-11-20 17:55:17.213659,geguyonan_99
2020-11-20 17:44:24.102325,1170,895,25,followeraktif,0,83,2020-11-20 17:55:17.213659,sdaanr_
2020-11-20 17:44:35.894152,922,309,134,like4like,1,18,2020-11-20 17:55:17.213659,suxzzx
2020-11-20 17:44:38.441200,311000,4141,4868,like4like,0,16,2020-11-20 17:55:17.213659,angela___costa
2020-11-20 17:44:51.108547,6416,175,16,l4l,1,52,2020-11-20 17:55:17.213659,ceeylo_o
2020-11-20 17:44:53.754039,3923,149,10,l4l,0,56,2020-11-20 17:55:17.213659,lilpusher
2020-11-20 17:45:31.340181,23900,14,1998,follower4follower,1,26,2020-11-20 17:55:17.213659,2k20_humour
2020-11-20 17:45:34.785482,470,1384,774,follower4follower,0,48,2020-11-20 17:55:17.213659,veryefrancesco
2020-11-20 17:46:05.676962,25200,114,607,ski,1,23,2020-11-20 17:55:17.213659,sciatoribrutti
2020-11-20 17:55:39.757743,25200,114,607,ski,1,72,,sciatoribrutti
2020-11-20 17:55:46.065693,10700,20,1810,ski,0,74,,freeheellife
2020-11-20 17:55:48.578474,21200,7330,1848,ski,0,30,,oosc_clothing
2020-11-20 17:56:00.345152,160000,18,1605,friends,1,5,2020-11-20 23:39:46.901604,snazzylovers
2020-11-20 17:56:05.789677,521000,1422,1248,friends,0,5,2020-11-20 23:39:46.901604,ewamrozowska.makeup
2020-11-20 17:56:15.218888,5147,1073,20,friends,1,19,2020-11-20 18:07:18.987690,pt_kishan
2020-11-20 17:56:50.660296,714,46,28,follower4follower,1,29,2020-11-20 18:07:18.987690,na.ndini762
2020-11-20 17:56:52.950243,23900,14,1998,follower4follower,0,32,2020-11-20 18:07:18.987690,2k20_humour
2020-11-20 17:57:05.488515,1741,730,16,selfie,1,44,2020-11-20 18:07:18.987690,m.gawron
2020-11-20 17:57:07.951212,6417,175,16,selfie,0,10,2020-11-20 18:07:18.987690,ceeylo_o
2020-11-20 17:57:45.517675,1242,731,479,ski,1,70,2020-11-20 18:07:18.987690,toni.lndbnr
2020-11-20 17:58:01.413076,4224,1969,2058,foodie,1,88,2020-11-20 18:07:18.987690,miss.postnikova
2020-11-20 17:58:04.393976,7620,1232,414,foodie,0,53,2020-11-20 18:07:18.987690,ashna_chawla
2020-11-20 18:07:37.586711,88400,474,1001,followeraktif,0,12,2020-11-21 06:50:28.881256,geguyonan_99
2020-11-20 18:07:40.412460,1170,895,25,followeraktif,0,53,2020-11-21 01:37:26.600694,sdaanr_
2020-11-20 18:07:48.321218,487,297,415,followeraktif,1,54,,hallat_e_dil
2020-11-20 18:08:00.815047,3028,420,236,l4l,1,69,2020-11-21 01:37:26.600694,ana_roz___
2020-11-20 18:08:03.250708,6417,175,16,l4l,0,42,,ceeylo_o
2020-11-20 18:08:05.687490,3925,149,10,l4l,0,85,2020-11-21 01:37:26.600694,lilpusher
2020-11-20 18:08:19.185615,3678,995,193,friends,0,83,2020-11-20 18:19:10.176414,serenacerullo_
2020-11-20 18:08:28.200515,1725,426,52,friends,1,91,2020-11-20 18:19:10.176414,anshika12._
2020-11-20 18:08:31.603579,1640,613,730,friends,0,92,2020-11-20 18:19:10.176414,dianagumenna
2020-11-20 18:08:43.945898,7660,5351,384,car,0,7,2020-11-20 18:19:10.176414,reflexvehicles
2020-11-20 18:08:47.279909,7804,3463,104,car,0,76,2020-11-20 18:19:10.176414,508cars
2020-11-20 18:08:50.454216,1200000,18,4850,car,1,75,2020-11-20 18:19:10.176414,luxury
2020-11-20 18:09:01.659787,4225,1969,2058,foodie,1,62,2020-11-20 18:19:10.176414,miss.postnikova
2020-11-20 18:09:04.131439,7619,1232,414,foodie,0,47,2020-11-20 18:19:10.176414,ashna_chawla
2020-11-20 18:09:23.407676,4378,1099,3,f2f,0,76,2020-11-20 18:19:10.176414,dian.gelbert
2020-11-20 18:09:44.994124,509,93,147,f2f,1,9,2020-11-20 18:19:10.176414,zivaus
2020-11-20 18:09:49.386517,1046,138,132,f2f,0,50,2020-11-20 18:19:10.176414,ekdodhai
2020-11-20 18:19:51.948605,176,489,55,ski,0,72,,alpeslocation
2020-11-20 18:19:54.296666,139,42,8,ski,0,23,2020-11-21 01:37:26.600694,lezionisci
2020-11-20 18:19:56.941235,609,1088,2172,ski,0,81,2020-11-21 01:37:26.600694,safetec_helmets
2020-11-20 18:20:08.685307,8985,3091,17,instagood,0,63,2020-11-21 01:37:26.600694,majidsouzani
2020-11-20 18:20:16.762143,128000,165,152,instagood,1,18,2020-11-21 13:25:56.931324,thisishajj
2020-11-20 18:20:20.539577,12300,653,59,instagood,1,46,,ilayyyphotographer
2020-11-20 18:20:35.667100,9408,206,127,followme,0,86,,noemi.knz
2020-11-20 18:20:38.845181,3508,980,84,followme,1,42,2020-11-21 01:37:26.600694,monikhason
2020-11-20 18:20:41.381258,9144,547,200,followme,1,51,,paulinahander
2020-11-20 18:20:53.354529,2592,1298,99,selfie,1,68,,finnnik_
2020-11-20 18:20:56.008099,9032,2630,72,selfie,1,20,2020-11-21 01:37:26.600694,jordannatanna
2020-11-20 18:20:58.841177,8883,297,8,selfie,0,39,,morganee.morel
2020-11-20 18:21:13.538671,2156,668,69,clothing,0,49,2020-11-21 01:37:26.600694,tarun.xo
2020-11-20 18:21:17.125037,124000,399,621,clothing,1,95,2020-11-21 00:27:54.793209,amararoseofficial
2020-11-20 18:21:22.802492,471,190,25,clothing,0,22,2020-11-21 01:37:26.600694,sagar26.09
2020-11-20 18:21:34.360944,3388,351,2331,instalife,1,61,,kirilenko_anastasia
2020-11-20 18:21:43.301786,7429,489,638,instalife,0,62,2020-11-21 01:37:26.600694,kmotorina22
2020-11-20 18:21:46.011620,979,234,113,instalife,1,56,,thehappinessmuse
2020-11-20 18:55:54.255625,1417,723,18,friends,0,25,2020-11-21 01:37:26.600694,mariia.mykhailova
2020-11-20 18:56:29.552660,26500,2491,129,instagood,0,71,,tedymccoll
2020-11-20 18:57:06.605807,7129,2150,1062,instalife,0,48,2020-11-21 01:37:26.600694,carlottadino1
2020-11-20 19:07:22.346365,118000,95,510,like4like,1,13,2020-11-21 08:57:18.404180,vogueclasy
2020-11-20 19:07:25.670548,2713,779,223,like4like,1,7,2020-11-21 03:42:03.453910,steve_rayray
2020-11-20 19:07:28.935215,19200,441,154,like4like,1,81,,cozyynights
2020-11-20 19:07:45.986238,1276,458,26,followers,1,43,,olyakhaaa
2020-11-20 19:08:24.285404,247000,441,528,like4like,1,52,2020-11-20 19:19:12.430206,brutendolo
2020-11-20 19:08:28.059261,1936,694,80,like4like,0,7,2020-11-20 19:19:12.430206,mihaicerbu
2020-11-20 19:08:40.503814,13700,497,304,selfie,0,11,2020-11-20 19:19:12.430206,anna_shishmanov
2020-11-20 19:08:43.232447,54500,1211,296,selfie,1,94,2020-11-20 19:19:12.430206,alyssaspivack
2020-11-20 19:08:45.932754,2184,695,96,selfie,0,27,2020-11-20 19:19:12.430206,agatadodig
2020-11-20 19:08:58.679131,6367,820,385,car,1,32,2020-11-20 19:19:12.430206,german_hellcat
2020-11-20 19:09:02.997094,22400,168,361,car,0,81,2020-11-20 19:19:12.430206,n55_435i
2020-11-20 19:09:18.156116,4706,656,249,instagood,0,53,2020-11-20 19:19:12.430206,annaabaldauf
2020-11-20 19:09:22.286295,16700,417,109,instagood,1,25,2020-11-20 19:19:12.430206,xcristina10
2020-11-20 19:09:26.562318,3309,288,78,instagood,0,22,2020-11-20 19:19:12.430206,horvathlizi
2020-11-20 19:19:29.396665,154000,1116,5653,friends,0,4,2020-11-20 19:31:29.250286,shoppisticated
2020-11-20 19:19:33.101987,333000,30,371,friends,0,36,2020-11-20 19:31:29.250286,chandlersmeme
2020-11-20 19:19:36.196568,247000,441,528,friends,0,66,2020-11-20 19:31:29.250286,brutendolo
2020-11-20 19:19:47.662113,3510,999,21,like4like,0,79,2020-11-21 01:37:26.600694,sophi_dehesa
2020-11-20 19:19:51.206956,513,152,33,like4like,1,63,,mr_ajay_2003_
2020-11-20 19:20:08.880820,1384,582,94,like4like,1,34,2020-11-20 19:31:29.250286,ns.stl
2020-11-20 19:20:26.137686,42400,7486,614,followers,1,71,,liketimedubno
2020-11-20 19:21:12.640748,4600,1335,121,beach,0,13,2020-11-20 19:31:29.250286,louise_tavaress
2020-11-20 19:21:16.271166,20600,5999,954,beach,0,95,2020-11-20 19:31:29.250286,chicviagens
2020-11-20 19:21:21.142876,26800,654,321,beach,0,35,2020-11-20 19:31:29.250286,piercegainey
2020-11-20 19:21:35.022031,113000,81,1015,like4like,1,11,2020-11-20 19:31:29.250286,lenaflckntn
2020-11-20 19:21:39.924081,3700,453,44,like4like,0,68,2020-11-20 19:31:29.250286,sshalikk
2020-11-20 19:31:41.412379,27800,5090,596,foodie,1,8,2020-11-21 01:37:26.600694,veg_foodaholic
2020-11-20 19:31:45.206478,4229,1969,2058,foodie,1,47,,miss.postnikova
2020-11-20 19:31:47.881880,4168,1050,264,foodie,1,38,,moamunk
2020-11-20 19:32:24.507295,1242,731,479,ski,0,88,2020-11-20 19:43:32.131592,toni.lndbnr
2020-11-20 19:32:27.287906,1093,96,32,ski,1,28,2020-11-20 19:43:32.131592,snowlifeloop
2020-11-20 19:32:31.013208,193,4262,12,ski,0,17,2020-11-20 19:43:32.131592,ann_ananna
2020-11-20 19:32:49.890722,1212,957,37,followme,1,69,2020-11-20 19:43:32.131592,grkalingr
2020-11-20 19:33:18.598687,5765,1585,1001,foodie,0,24,2020-11-20 19:43:32.131592,palmbaycaribbean
2020-11-20 19:43:49.217569,1212,957,37,followme,1,33,2020-11-21 01:37:26.600694,grkalingr
2020-11-20 19:44:09.386545,4600,1335,121,beach,1,5,2020-11-20 19:55:28.475835,louise_tavaress
2020-11-20 19:44:12.170666,862,565,42,beach,0,41,2020-11-20 19:55:28.475835,miaschndr
2020-11-20 19:44:23.551906,4377,1099,3,f2f,1,36,2020-11-20 19:55:28.475835,dian.gelbert
2020-11-20 19:45:03.558450,4600,1335,121,beach,0,26,2020-11-20 19:55:28.475835,louise_tavaress
2020-11-20 19:45:06.664485,862,565,42,beach,0,32,2020-11-20 19:55:28.475835,miaschndr
2020-11-20 19:45:09.028284,15100,1806,1734,beach,0,27,2020-11-20 19:55:28.475835,isabellaalbuquerques
2020-11-20 19:45:26.639427,333000,30,371,friends,0,31,2020-11-20 19:55:28.475835,chandlersmeme
2020-11-20 19:45:30.109291,8390,225,147,friends,0,62,2020-11-20 19:55:28.475835,roxawojciechowska
2020-11-20 19:45:33.701075,639,514,16,friends,1,43,2020-11-20 19:55:28.475835,maria_bianca773
2020-11-20 19:55:45.742276,1485,694,512,l4l,0,26,2020-11-21 01:37:26.600694,aleevolpe
2020-11-20 19:55:48.560585,881,208,5,l4l,1,84,2020-11-21 01:37:26.600694,irena__georg
2020-11-20 19:55:51.307675,1615,600,104,l4l,1,69,2020-11-21 01:37:26.600694,kam.ilala
2020-11-20 19:56:03.450223,1506,317,324,instalife,0,6,2020-11-21 03:42:03.453910,yulechka_yanysheva
2020-11-20 19:56:16.105222,1118,1011,127,instalife,1,79,2020-11-20 20:08:06.736612,_mk_fishing_
2020-11-20 19:56:40.260995,227000,541,4403,followeraktif,0,9,2020-11-20 20:08:06.736612,hadits_sunnah_rasul
2020-11-20 19:56:42.776338,19,10,8,followeraktif,0,47,2020-11-20 20:08:06.736612,gtprofilaktif
2020-11-20 19:56:44.880931,19,10,8,followeraktif,1,38,2020-11-20 20:08:06.736612,gtprofilaktif
2020-11-20 19:56:56.391486,1200000,18,4850,car,0,52,2020-11-20 20:08:06.736612,luxury
2020-11-20 19:56:59.947351,6368,820,385,car,0,50,2020-11-20 20:08:06.736612,german_hellcat
2020-11-20 19:57:02.454099,38800,111,1476,car,1,11,2020-11-20 20:08:06.736612,bmwi8_motorsports
2020-11-20 19:57:29.773604,5563,911,254,ski,0,71,2020-11-20 20:08:06.736612,alannah_lawrie
2020-11-20 19:57:40.188929,528,121,34,ski,0,51,2020-11-20 20:08:06.736612,theblueaframeadk
2020-11-20 19:57:43.105097,1011,855,378,ski,0,77,2020-11-20 20:08:06.736612,lyneleblanc.nvp
2020-11-20 19:58:00.193523,227000,541,4403,followeraktif,0,64,2020-11-20 20:08:06.736612,hadits_sunnah_rasul
2020-11-20 19:58:02.947725,19,10,8,followeraktif,1,38,2020-11-20 20:08:06.736612,gtprofilaktif
2020-11-20 19:58:05.103990,19,10,8,followeraktif,0,52,2020-11-20 20:08:06.736612,gtprofilaktif
2020-11-20 20:08:18.294664,3481,978,1059,clothing,0,52,2020-11-21 01:37:26.600694,mothermayibake
2020-11-20 20:08:21.111593,2492,798,287,clothing,1,44,2020-11-21 01:37:26.600694,teodoryankov
2020-11-20 20:08:26.817760,4450,1139,8,clothing,1,81,,gayatri.nairr
2020-11-20 20:08:38.321573,4168,928,225,car,1,73,,carsbykitchen
2020-11-20 20:08:41.487282,6368,820,385,car,0,42,,german_hellcat
2020-11-20 20:08:44.108929,69300,501,1551,car,0,40,,audiquattrolove
2020-11-20 20:08:55.426055,4283,1870,544,instagood,0,45,2020-11-21 01:37:26.600694,marthenice
2020-11-20 20:08:58.435297,107000,482,144,instagood,0,90,,canselguel
2020-11-20 20:09:00.826878,80700,177,234,instagood,1,6,2020-11-21 03:42:03.453910,any_en
2020-11-20 20:09:12.482103,52600,2574,1067,selfie,1,74,,claudiaa.acunzo
2020-11-20 20:09:14.918013,2855,2555,7,selfie,0,17,2020-11-21 01:37:26.600694,amy_tro
2020-11-20 20:09:18.105884,6169,579,76,selfie,0,21,2020-11-21 01:37:26.600694,_vitoriarivera
2020-11-20 20:09:37.376614,227000,541,4403,followeraktif,0,7,2020-11-21 04:44:43.252601,hadits_sunnah_rasul
2020-11-20 20:09:39.789189,19,11,9,followeraktif,1,47,2020-11-21 01:37:26.600694,gtprofilaktif
2020-11-20 20:09:57.326053,640,98,403,followeraktif,1,10,2020-11-21 06:50:28.881256,seniman_terlupakan22
2020-11-20 20:10:15.390355,12600,7466,883,l4l,0,56,2020-11-21 01:37:26.600694,orianaferlazzo98
2020-11-20 20:10:18.187556,11500,4739,188,l4l,1,36,,kevinlopes__
2020-11-20 20:10:23.271482,2315,850,188,l4l,1,46,2020-11-21 01:37:26.600694,dusan993
2020-11-20 20:20:54.955632,10100,1638,267,friends,1,52,2020-11-21 01:37:26.600694,icchel
2020-11-20 20:20:58.066519,1504,550,95,friends,0,60,2020-11-21 01:37:26.600694,luchshe_tebya
2020-11-20 20:21:00.349486,247000,441,528,friends,0,51,,brutendolo
2020-11-20 20:21:11.118337,64200,359,1245,like4like,0,7,2020-11-21 03:42:03.453910,hugomsrodriguez
2020-11-20 20:21:21.727479,6926,1440,186,like4like,0,76,,yanina_kl
2020-11-20 20:21:24.128953,26700,599,88,like4like,0,29,,liza_ogreba
2020-11-20 20:21:35.355615,4608,1334,121,beach,1,40,,louise_tavaress
2020-11-20 20:21:38.099488,8299,3073,829,beach,1,66,2020-11-21 01:37:26.600694,mallaury_d
2020-11-20 20:21:40.560975,1476,1172,258,beach,0,81,2020-11-21 01:37:26.600694,evigeo_
2020-11-20 20:22:09.768436,2359,923,452,l4l,0,94,,prokopishena_lili
2020-11-20 20:22:14.346866,2014,2085,7,l4l,0,33,2020-11-21 01:37:26.600694,louise_staley
2020-11-20 20:22:16.759117,1175,2246,49,l4l,1,70,2020-11-21 01:37:26.600694,gorshkova_helena
2020-11-20 20:22:27.710010,3975,890,83,followme,0,14,2020-11-21 01:37:26.600694,aylayouzbashi
2020-11-20 20:22:30.645945,38800,462,471,followme,0,88,,leaafrts
2020-11-20 20:22:35.864117,13500,806,820,followme,1,69,,ely_barby
2020-11-20 20:22:47.261583,3866,1152,380,follower4follower,0,19,2020-11-21 15:33:55.577693,j.yulik
2020-11-20 20:23:13.588708,1281,889,189,follower4follower,1,50,2020-11-21 01:37:26.600694,lastanzadellapoesia
2020-11-20 20:23:16.073844,698,1641,57,follower4follower,0,16,2020-11-21 13:25:56.931324,__nazaro03__
2020-11-20 20:34:37.935221,9095,48,365,followeraktif,1,81,,creatorpsht22
2020-11-20 20:34:54.994555,201,453,113,followeraktif,0,30,2020-11-21 01:37:26.600694,woles_art22
2020-11-20 20:35:04.693094,283,276,20,followeraktif,1,70,2020-11-21 01:37:26.600694,intan.na._
2020-11-20 20:35:19.041709,603,463,24,instalife,0,50,2020-11-21 01:37:26.600694,miss___catherine_
2020-11-20 20:35:29.670881,1119,1005,127,instalife,0,54,2020-11-21 01:37:26.600694,_mk_fishing_
2020-11-20 20:35:34.880152,903,291,116,instalife,0,23,2020-11-21 01:37:26.600694,diivii_20
2020-11-20 20:36:10.010947,57,393,5,follower4follower,0,90,2020-11-21 01:37:26.600694,designluxur
2020-11-20 20:36:20.058082,215,414,81,follower4follower,0,4,2020-11-21 01:23:02.515540,apicolturailroccolo
2020-11-20 20:36:22.646887,1630,2143,1096,follower4follower,1,74,2020-11-21 01:37:26.600694,antibes81
2020-11-20 20:36:33.307681,5238,927,87,beach,0,30,,yasmincarreiraa
2020-11-20 20:36:41.175713,13700,5474,1131,beach,1,56,,naiduartebh
2020-11-20 20:36:44.075635,56000,7170,900,beach,0,8,2020-11-21 05:47:56.738124,narjessrkaiek
2020-11-20 20:39:19.133845,339,366,201,follower4follower,0,40,,justannyx
2020-11-20 20:39:23.975404,5606,2915,1695,follower4follower,0,36,2020-11-21 01:37:26.600694,isa_germany
2020-11-20 20:39:34.588487,3023,308,936,follower4follower,0,39,,nicocariolo87
2020-11-20 20:39:45.498100,2227,1665,143,f2f,1,49,2020-11-21 16:38:48.634110,sanders_zander
2020-11-20 20:39:48.049774,4376,1099,3,f2f,0,69,2020-11-21 07:53:34.517241,dian.gelbert
2020-11-20 20:40:09.182056,1842,560,282,f2f,0,41,,caloriecountingkatie
2020-11-20 20:51:37.292352,11800,1766,980,beach,0,78,2020-11-21 01:37:26.600694,gio.fernandess
2020-11-20 20:51:39.860164,108000,6391,3544,beach,1,49,,oceano_brasil
2020-11-20 20:51:42.687860,1687,316,553,beach,1,42,2020-11-21 01:37:26.600694,sara_princiotta
2020-11-20 20:52:22.782878,972,360,193,f2f,0,63,,bgirldiksha_dnz
2020-11-20 20:52:25.306082,395,212,201,f2f,1,61,2020-11-21 01:37:26.600694,eun__lll
2020-11-20 20:52:27.973891,1034,465,72,f2f,0,84,2020-11-21 01:37:26.600694,bniswjourney
2020-11-20 20:52:42.523685,5637,1926,572,l4l,0,88,2020-11-21 01:37:26.600694,anyakonovalova38
2020-11-20 20:52:45.129908,2309,352,96,l4l,0,54,,joshka_e46
2020-11-20 20:52:51.302492,2415,440,15,l4l,0,41,2020-11-21 01:37:26.600694,agatiee
2020-11-20 20:53:18.131595,6774,7454,607,clothing,0,20,2020-11-21 01:37:26.600694,theinfernalsea
2020-11-20 20:53:22.105880,1200000,12,1925,clothing,1,40,,fashionslover12
2020-11-20 20:53:24.362910,218,118,708,clothing,0,33,2020-11-21 01:37:26.600694,rangeenboutique_
2020-11-20 20:53:55.744902,705,319,59,beach,0,71,2020-11-21 01:37:26.600694,sophieb2303
2020-11-20 20:53:58.733605,882,995,2116,beach,0,86,,ruthhorace_real_estate
2020-11-20 20:54:08.399428,161,343,243,beach,0,94,2020-11-21 01:37:26.600694,isabellegairart
2020-11-20 20:54:42.748124,5563,911,254,ski,1,42,,alannah_lawrie
2020-11-20 20:54:48.514390,1098,346,400,ski,1,43,,jacaexperienciarural
2020-11-20 20:56:25.706154,417,309,243,ski,1,73,,l.eugen_
2020-11-20 21:08:17.016101,5114,1652,2342,instalife,1,78,2020-11-21 01:37:26.600694,baxou_colors
2020-11-20 21:08:22.616611,869,145,83,instalife,1,15,2020-11-21 01:37:26.600694,xfrasheri
2020-11-20 21:08:25.719574,1726,4581,1552,instalife,1,14,2020-11-21 01:37:26.600694,onemanpier
2020-11-20 21:09:05.907366,11900,137,330,ski,1,7,2020-11-21 04:44:43.252601,cimonesci
2020-11-20 21:09:14.394344,46,77,11,ski,0,48,2020-11-21 01:37:26.600694,coreqim
2020-11-20 21:09:22.824303,28500,1326,1142,ski,1,58,,suntegrity
2020-11-20 21:09:34.044706,857000,909,7591,instagood,1,67,,instagood
2020-11-20 21:09:37.086529,24300,7222,332,instagood,1,75,2020-11-21 01:37:26.600694,kitty_doncsev
2020-11-20 21:09:40.436159,3183,553,33,instagood,1,31,2020-11-21 01:37:26.600694,lindatlch
2020-11-20 21:10:52.089470,271,81,99,followeraktif,1,69,2020-11-20 21:25:32.460212,henzz22
2020-11-20 21:10:55.989258,8501,2151,608,followeraktif,0,48,2020-11-20 21:25:32.460212,mm_msj
2020-11-20 21:12:57.482759,539,206,574,clothing,0,72,2020-11-20 21:25:32.460212,dress___onlinee
2020-11-20 21:13:05.051114,138,10,6,clothing,1,15,2020-11-20 21:25:32.460212,pure.fitness_official
2020-11-20 21:13:07.557494,164,76,1010,clothing,0,88,2020-11-20 21:25:32.460212,abedahonline
2020-11-20 21:13:53.087013,810,810,552,ski,0,63,2020-11-20 21:25:32.460212,culturecollectiveevents
2020-11-20 21:13:56.204306,277,88,15,ski,1,33,2020-11-20 21:25:32.460212,les_folies_de_margot
2020-11-20 21:13:58.854291,1018,3,54,ski,0,19,2020-11-20 21:25:32.460212,countdown__2__christmas
2020-11-20 21:25:44.596142,10000,1026,166,followme,1,64,,highgrassband
2020-11-20 21:25:47.857459,2357,1410,235,followme,0,60,2020-11-21 01:37:26.600694,pt_madalenaalmeida
2020-11-20 21:25:56.345776,1142,746,680,followme,1,67,2020-11-21 01:37:26.600694,daria_avdevich
2020-11-20 21:26:13.082645,1501,828,18,l4l,1,27,2020-11-21 01:37:26.600694,sylwieeelek
2020-11-20 21:26:23.708212,2410,979,306,l4l,0,42,2020-11-21 01:37:26.600694,alegria._
2020-11-20 21:26:26.202588,6858,363,911,l4l,1,58,,kimmybytheway
2020-11-20 21:26:37.409197,2377,390,53,followers,1,92,2020-11-20 21:40:06.178636,catalinacortees_
2020-11-20 21:26:39.969895,2985,1831,149,followers,0,42,2020-11-20 21:40:06.178636,mr_tsig
2020-11-20 21:26:51.810980,7214,6406,245,instagood,0,19,2020-11-20 21:40:06.178636,shaunaleighxxx
2020-11-20 21:26:54.166241,3310,562,3,instagood,1,30,2020-11-20 21:40:06.178636,mary_delgaado
2020-11-20 21:26:56.475550,2985,1831,149,instagood,0,78,2020-11-20 21:40:06.178636,mr_tsig
2020-11-20 21:27:27.572597,1027,11,3,l4l,0,31,2020-11-20 21:40:06.178636,hxxax.0
2020-11-20 21:27:30.361902,1550,581,26,l4l,1,16,2020-11-20 21:40:06.178636,_ophelielebrun
2020-11-20 21:27:33.928665,9169,2777,16,l4l,0,72,2020-11-20 21:40:06.178636,stawikowska_
2020-11-20 21:28:19.322030,126,151,72,f2f,0,50,2020-11-20 21:40:06.178636,airtissti
2020-11-20 21:28:21.689468,1959,2083,346,f2f,1,71,2020-11-20 21:40:06.178636,_outofmyweigh_
2020-11-20 21:28:26.031349,385,270,190,f2f,0,32,2020-11-20 21:40:06.178636,michelleevolving
2020-11-20 21:40:20.955836,5146,1509,357,ski,0,38,,billygrasska
2020-11-20 21:40:45.812568,1359,1645,94,ski,1,47,,nwilkins__
2020-11-20 21:40:55.128812,1351,2,125,ski,0,22,2020-11-21 19:52:52.829490,openmindca
2020-11-20 21:41:14.625997,30700,324,669,l4l,0,9,2020-11-21 06:50:28.881256,monicagartner
2020-11-20 21:41:21.857046,1550,581,26,l4l,0,72,2020-11-21 01:37:26.600694,_ophelielebrun
2020-11-20 21:41:24.224590,1030,11,3,l4l,1,84,,hxxax.0
2020-11-20 21:42:00.736912,147,430,177,follower4follower,1,41,2020-11-21 01:37:26.600694,patri_patri_09
2020-11-20 21:42:03.169186,2377,597,84,follower4follower,0,16,2020-11-21 14:29:27.269772,ana.orlando.93
2020-11-20 21:42:05.753550,845,219,11,follower4follower,1,15,2020-11-21 13:25:56.931324,asia.giuffrida__
2020-11-20 21:42:16.505782,2521,873,12,selfie,1,93,2020-11-21 01:37:26.600694,duda.wolff
2020-11-20 21:42:19.854365,1316,591,89,selfie,1,36,,mondscheinnn
2020-11-20 21:42:23.082122,17100,1810,196,selfie,1,16,2020-11-21 04:44:43.252601,krystal_szlat
2020-11-20 21:42:34.150299,1313,654,81,friends,1,84,2020-11-21 01:37:26.600694,mathilde.wicht
2020-11-20 21:42:40.156140,1598,940,74,friends,0,51,,_katyademydenko_
2020-11-20 21:42:46.482877,59000,1040,530,friends,0,5,2020-11-21 03:42:03.453910,disht6
2020-11-20 21:43:17.067100,9170,2777,16,l4l,1,44,,stawikowska_
2020-11-20 21:43:19.453626,294,106,64,l4l,0,27,,devo.world
2020-11-20 21:43:22.009359,725,523,7,l4l,1,52,2020-11-21 01:37:26.600694,olkqxx
2020-11-20 21:56:53.425650,271,81,99,followeraktif,1,6,2020-11-21 04:44:43.252601,henzz22
2020-11-20 21:56:56.299206,8494,2151,608,followeraktif,1,21,2020-11-21 19:52:52.829490,mm_msj
2020-11-20 21:56:59.593973,751,148,928,followeraktif,0,49,,istanabugar_club
2020-11-20 21:57:10.687274,19700,3056,790,foodie,0,71,2020-11-21 01:37:26.600694,a_couple_fatties
2020-11-20 21:57:14.153284,1093,625,429,foodie,1,48,,bybloscafe.orange
2020-11-20 21:57:18.090714,392,526,77,foodie,0,94,2020-11-21 01:37:26.600694,patricia.food
2020-11-20 21:57:29.450344,45700,2163,1011,car,0,14,2020-11-21 12:22:15.865855,powerful_society
2020-11-20 21:57:32.155794,1700,405,49,car,1,30,,taminara
2020-11-20 21:57:34.937334,236000,871,1518,car,1,4,2020-11-21 03:42:03.453910,suprasandskylines_
2020-11-20 21:57:46.398200,696,452,226,instalife,1,15,2020-11-21 01:37:26.600694,ilonchik_t
2020-11-20 21:57:56.835324,5067,2701,132,instalife,1,55,2020-11-21 01:37:26.600694,andreas_xaintinis
2020-11-20 21:58:07.503620,835,899,64,instalife,1,21,2020-11-21 19:52:52.829490,jake_gauci
2020-11-20 21:58:24.329378,15700,1591,53,friends,1,68,,juanm_noguera03
2020-11-20 21:58:29.850370,5564,154,794,friends,0,68,,darlin.hello
2020-11-20 21:58:32.191635,513,570,3,friends,0,93,,kingazychh
2020-11-20 21:58:42.769095,1633,527,13,l4l,0,23,2020-11-21 01:37:26.600694,la__vidaaaa
2020-11-20 21:58:45.709069,4829,989,614,l4l,0,77,2020-11-21 01:37:26.600694,cate.keit
2020-11-20 22:00:46.845709,1055,24,201,l4l,1,43,,melsources
2020-11-20 22:13:30.209886,2464,2207,15,l4l,0,49,2020-11-21 01:37:26.600694,berg.rodriguez
2020-11-20 22:13:36.257583,1509,934,23,l4l,1,23,2020-11-21 01:37:26.600694,justxaxdancer
2020-11-20 22:13:45.586051,19000,3978,1701,l4l,1,70,,marikaptr
2020-11-20 22:14:04.854045,5375,541,346,foodie,0,23,2020-11-20 22:31:54.809291,handecelikyay
2020-11-20 22:14:10.378880,1690,1102,136,foodie,1,28,2020-11-20 22:31:54.809291,brandycamstagram
2020-11-20 22:14:13.158369,800,257,57,foodie,0,49,2020-11-21 01:37:26.600694,johannes_henry_triebaumer
2020-11-20 22:15:02.749461,51500,1615,298,follower4follower,1,32,,pierotostoreal
2020-11-20 22:15:05.572651,1486,2706,1572,follower4follower,1,43,2020-11-21 01:37:26.600694,nails.mirelaxhafa
2020-11-20 22:15:08.968261,7305,6392,3531,follower4follower,1,24,,yuliyatyan
2020-11-20 22:15:46.365745,53400,25,2635,ski,1,63,,skiing_of_insta_
2020-11-20 22:15:49.366720,966,565,310,ski,1,44,2020-11-21 01:37:26.600694,_ski_87
2020-11-20 22:15:52.040259,61,162,20,ski,0,67,2020-11-21 01:37:26.600694,le_moulin_de_marie_
2020-11-20 22:18:28.194260,134,90,43,follower4follower,1,17,2020-11-21 01:37:26.600694,tazworsky_
2020-11-20 22:18:30.805421,177,107,73,follower4follower,0,52,2020-11-21 01:37:26.600694,nigh.t5437
2020-11-20 22:18:33.172079,19,106,36,follower4follower,1,58,2020-11-21 01:37:26.600694,frasi_di_amore_e_passione
2020-11-20 22:18:47.278905,4023,1213,121,instalife,1,32,2020-11-21 01:37:26.600694,tamarochka_
2020-11-20 22:19:09.902321,2446,949,647,instalife,0,7,2020-11-21 05:47:56.738124,goodthinkingtv
2020-11-20 22:19:12.314546,151,276,251,instalife,0,35,2020-11-21 01:37:26.600694,ivanina_mama_sandra
2020-11-20 22:32:30.848683,1644,1070,114,ski,0,81,,sebastian_graser
2020-11-20 22:32:33.358802,495,741,146,ski,0,61,2020-11-21 01:37:26.600694,homaranger
2020-11-20 22:32:35.847382,54,141,21,ski,1,77,2020-11-21 01:37:26.600694,bellaandskyesinsta
2020-11-20 22:32:54.724888,5376,541,346,foodie,0,10,2020-11-21 08:57:18.404180,handecelikyay
2020-11-20 22:32:57.385554,1690,1102,136,foodie,0,43,2020-11-21 01:37:26.600694,brandycamstagram
2020-11-20 22:33:02.852564,9437,620,910,foodie,1,67,2020-11-20 22:47:42.327816,burgerjoeofficial_
2020-11-20 22:33:22.505201,10900,648,60,clothing,0,94,2020-11-20 22:47:42.327816,atiannaah
2020-11-20 22:33:25.612855,163000,33,228,clothing,1,87,2020-11-20 22:47:42.327816,arnamode
2020-11-20 22:33:40.613737,15100,1806,1734,beach,0,78,2020-11-20 22:47:42.327816,isabellaalbuquerques
2020-11-20 22:33:43.338206,78200,6562,5464,beach,1,74,2020-11-20 22:47:42.327816,oceano_sunset_world
2020-11-20 22:33:46.998923,1704,527,140,beach,0,36,2020-11-20 22:47:42.327816,clauzel.s
2020-11-20 22:34:26.831286,614,754,124,instalife,1,71,2020-11-20 22:47:42.327816,foglieti.h
2020-11-20 22:34:31.138275,4443,1045,1408,instalife,0,88,2020-11-20 22:47:42.327816,boutiqueco_
2020-11-20 22:34:46.103394,2794,393,57,friends,0,61,2020-11-20 22:47:42.327816,justine.prxdlr
2020-11-20 22:34:49.213485,2270,948,116,friends,0,25,,christina.kessi.photography
2020-11-20 22:34:51.614231,24800,7503,1000,friends,1,6,2020-11-20 22:47:42.327816,itneverblindsme
2020-11-20 22:47:54.498336,15100,1806,1734,beach,1,68,,isabellaalbuquerques
2020-11-20 22:47:57.529650,28100,491,132,beach,1,44,,_biafarias_
2020-11-20 22:48:00.001008,1705,527,140,beach,0,77,,clauzel.s
2020-11-20 22:48:11.544235,9394,5812,109,selfie,1,40,,ariadnyvsl
2020-11-20 22:48:14.262056,5788,7362,10,selfie,1,40,2020-11-21 01:37:26.600694,bianca.rita.l
2020-11-20 22:48:17.180565,1482,2173,43,selfie,1,4,2020-11-20 23:02:35.352878,rayane_makeup18
2020-11-20 22:48:34.567851,12200,225,536,foodie,1,27,2020-11-20 23:02:35.352878,saramoalli_bakeoff8
2020-11-20 22:49:00.271747,928,822,904,instalife,1,20,2020-11-20 23:02:35.352878,asi___aa
2020-11-20 22:49:15.055001,1867,1707,35,followme,1,22,2020-11-20 23:02:35.352878,g.ramiss
2020-11-20 22:49:17.601927,1446,965,46,followme,0,48,2020-11-20 23:02:35.352878,paul_mesi
2020-11-20 22:49:30.925495,7750,5237,210,car,0,41,2020-11-20 23:02:35.352878,car._.exotics
2020-11-20 22:49:37.263279,45700,1913,403,car,0,91,2020-11-20 23:02:35.352878,mercedes.viral
2020-11-20 22:49:39.951276,5505,1456,257,car,1,32,2020-11-20 23:02:35.352878,wrx__bro
2020-11-20 23:03:02.326463,2757,1459,467,f2f,1,47,2020-11-21 01:37:26.600694,shrinking.alexandria
2020-11-20 23:03:10.264919,841,960,1199,f2f,0,17,2020-11-21 01:37:26.600694,jackieinmichigan_vsg
2020-11-20 23:03:13.590535,198,160,26,f2f,1,83,,desi.foodies
2020-11-20 23:03:24.850822,7751,5237,210,car,0,68,2020-11-21 01:37:26.600694,car._.exotics
2020-11-20 23:03:27.484147,101000,2412,1145,car,0,6,2020-11-21 05:47:56.738124,audi_rs_club_
2020-11-20 23:03:33.378057,5506,1456,257,car,1,7,2020-11-21 01:37:26.600694,wrx__bro
2020-11-20 23:04:10.047798,2,37,12,follower4follower,1,26,2020-11-21 01:37:26.600694,tblk_thebullyline2020
2020-11-20 23:04:15.127225,2540,112,27,follower4follower,0,22,,flirtymirs
2020-11-20 23:04:25.656886,12500,5709,32,follower4follower,0,9,2020-11-21 08:57:18.404180,j_linn_oficial
2020-11-20 23:04:37.442165,1028,215,62,l4l,1,84,2020-11-21 01:37:26.600694,suxerdm
2020-11-20 23:04:39.488591,2524,996,1,l4l,0,29,2020-11-21 01:37:26.600694,naatala_01
2020-11-20 23:04:41.954482,1017,110,5,l4l,1,11,2020-11-21 01:37:26.600694,i_yuriivna16
2020-11-20 23:04:55.865141,12300,225,536,foodie,1,55,,saramoalli_bakeoff8
2020-11-20 23:05:06.735935,10100,7236,130,foodie,0,13,2020-11-21 01:37:26.600694,maddiecostfitlife
2020-11-20 23:05:12.491396,4099,3816,363,foodie,1,50,2020-11-21 01:37:26.600694,typicalcampaniafood
2020-11-20 23:05:23.665412,1994,596,489,beach,0,49,,varinlyn
2020-11-20 23:05:26.404596,1424,1358,366,beach,0,15,2020-11-21 01:37:26.600694,giorgia_svs
2020-11-20 23:05:29.945636,2602,2602,45,beach,0,86,2020-11-21 01:37:26.600694,mariainesurrea
2020-11-20 23:40:01.335709,492,267,13,f2f,0,12,2020-11-21 12:22:15.865855,iamjjami_
2020-11-20 23:40:24.584525,535,625,484,f2f,1,78,,fabrictofinish
2020-11-20 23:40:27.479248,1236,2299,2849,f2f,1,90,2020-11-21 01:37:26.600694,reconstructing_melissa
2020-11-20 23:41:05.787005,1132,259,2045,f2f,1,55,,covent_flower
2020-11-20 23:41:08.623662,2717,4879,6223,f2f,1,94,2020-11-21 01:37:26.600694,pptorre
2020-11-20 23:41:16.538164,11600,1727,584,f2f,0,9,2020-11-21 08:57:18.404180,ethanstill95
2020-11-20 23:41:29.979838,6991,1116,152,friends,1,12,2020-11-21 12:22:15.865855,_jxlinaaaa
2020-11-20 23:41:32.426702,953,398,2,friends,0,67,2020-11-21 01:37:26.600694,s0szynska_
2020-11-20 23:41:34.814229,24800,7502,1000,friends,1,13,2020-11-21 13:25:56.931324,itneverblindsme
2020-11-20 23:41:45.443140,4681,2343,151,instagood,1,79,,lorilovesick
2020-11-20 23:41:47.874791,10200,5288,34,instagood,0,32,,tamirisforte
2020-11-20 23:41:51.705488,5013,997,78,instagood,1,94,2020-11-21 01:37:26.600694,_halvadzijalamija__
2020-11-20 23:42:03.260875,1868,1707,35,followme,0,24,,g.ramiss
2020-11-20 23:42:05.679325,1449,968,46,followme,1,40,2020-11-21 01:37:26.600694,paul_mesi
2020-11-20 23:42:08.982385,1501,1100,283,followme,0,24,2020-11-21 01:37:26.600694,imjesslove
2020-11-20 23:42:23.908667,1379,911,479,clothing,0,49,,alohaatravel
2020-11-20 23:42:34.364836,10900,648,60,clothing,0,22,,atiannaah
2020-11-20 23:42:40.978424,156000,1039,467,clothing,0,85,,buffa_emy
2020-11-21 00:07:31.541726,663,492,16,l4l,0,24,2020-11-21 01:37:26.600694,wiktoria_rapa
2020-11-21 00:07:41.815205,818,249,49,l4l,0,68,2020-11-21 01:37:26.600694,chaponapo
2020-11-21 00:07:44.931059,1362,670,4,l4l,1,14,2020-11-21 01:37:26.600694,svdchildd
2020-11-21 00:07:56.020767,8460,1689,341,like4like,1,28,,silviaa_bombolino
2020-11-21 00:07:58.641076,1855,869,59,like4like,1,84,2020-11-21 01:37:26.600694,__medbosniakov
2020-11-21 00:08:03.869404,4004,659,369,like4like,1,15,2020-11-21 15:33:55.577693,sarazerlenga
2020-11-21 00:08:25.407464,1321,647,5,like4like,0,20,2020-11-21 01:37:26.600694,zrobmitosty
2020-11-21 00:08:28.189029,25500,892,42,like4like,1,71,,belaperez
2020-11-21 00:08:30.473324,1432,1124,27,like4like,0,5,2020-11-21 01:37:26.600694,woman_strenght_
2020-11-21 00:09:26.296725,1799,846,226,f2f,0,41,,tashcrox_vsgqueen
2020-11-21 00:09:28.823462,299,142,71,f2f,0,77,2020-11-21 01:37:26.600694,karo.slaskiemotocyklistki
2020-11-21 00:09:33.001009,1499,745,2208,f2f,0,38,,fromheavytohappy
2020-11-21 00:09:44.210329,19300,894,722,followme,1,6,2020-11-21 06:50:28.881256,paniachromatyczna
2020-11-21 00:09:51.527027,2444,371,113,followme,0,79,,melika_zadeh_
2020-11-21 00:09:56.862393,6988,2798,56,followme,0,81,2020-11-21 01:37:26.600694,lynamariana
2020-11-21 00:10:22.664887,1863,974,14,followme,1,88,2020-11-21 01:37:26.600694,caian.duarte
2020-11-21 00:10:26.012806,181000,208,547,followme,1,11,2020-11-21 12:22:15.865855,danphto
2020-11-21 00:10:37.416732,720,784,489,followme,0,67,,cookie_the_moustachecat
2020-11-21 00:28:30.263082,1495,871,484,f2f,0,74,2020-11-21 01:37:26.600694,ketochefmelissa
2020-11-21 00:29:00.030107,1765,1923,291,f2f,1,89,,my_gastric_bypass_2020
2020-11-21 00:29:12.441252,126,151,72,f2f,0,30,,airtissti
2020-11-21 00:29:24.086795,7273,897,488,beach,0,88,2020-11-21 01:37:26.600694,neuzachalala
2020-11-21 00:29:27.832951,6979,1325,1085,beach,1,79,,anamachadooph
2020-11-21 00:29:31.051376,9682,3301,187,beach,1,95,2020-11-21 01:37:26.600694,dudabanks
2020-11-21 00:29:42.438442,10100,1139,35,like4like,0,93,,rebekarosado1
2020-11-21 00:29:50.879702,2880,1822,169,like4like,0,86,2020-11-21 01:37:26.600694,larissa_rsouzaa
2020-11-21 00:29:55.440564,1562,926,14,like4like,0,50,2020-11-21 01:37:26.600694,_.keeeiilaa._
2020-11-21 00:30:14.264356,801,526,3,l4l,0,92,2020-11-21 01:37:26.600694,viktorianka__
2020-11-21 00:30:17.424193,5491,2036,16,l4l,0,80,2020-11-21 01:37:26.600694,insalacodanila
2020-11-21 00:30:23.736615,727,480,47,l4l,1,45,2020-11-21 01:37:26.600694,natalia_gburczyk
2020-11-21 00:30:36.247731,14200,509,170,car,0,50,2020-11-21 01:37:26.600694,yagirlsfavoritezee
2020-11-21 00:30:46.897745,82500,5013,250,car,1,70,2020-11-21 00:45:42.531515,boosted_emily
2020-11-21 00:30:49.733167,1472,187,57,car,1,81,,mareva_vd
2020-11-21 00:31:10.025965,3433,1348,394,friends,1,23,2020-11-21 01:37:26.600694,_vale.rie_
2020-11-21 00:31:13.072202,8619,232,167,friends,0,94,,wtfisjenny
2020-11-21 00:31:15.791984,1055,1516,10,friends,1,78,2020-11-21 01:37:26.600694,clauufm
2020-11-21 00:46:22.443110,1347,7494,5007,instalife,0,90,2020-11-21 01:37:26.600694,crimsonali
2020-11-21 00:46:24.900506,1988,618,4148,instalife,0,37,,fabiossorosso
2020-11-21 00:46:27.909318,303,381,144,instalife,1,35,,robertaderosa92
2020-11-21 00:46:41.918149,2594,1039,37,beach,1,49,2020-11-21 01:37:26.600694,lrss.alanny
2020-11-21 00:46:45.647929,5063,1708,116,beach,0,88,2020-11-21 01:37:26.600694,ellenyasmin_
2020-11-21 00:46:48.344938,4832,820,615,beach,0,86,,franwdias
2020-11-21 00:47:05.165325,2111,792,147,like4like,1,78,2020-11-21 01:37:26.600694,iqrahs_kitchen
2020-11-21 00:47:08.292954,13100,4735,130,like4like,1,5,2020-11-21 06:50:28.881256,cri_buc
2020-11-21 00:47:19.482710,3017,696,100,like4like,0,18,2020-11-21 19:52:52.829490,betopereirac
2020-11-21 00:47:36.222289,82500,5013,250,car,0,44,,boosted_emily
2020-11-21 00:47:39.478260,5655,2974,23,car,0,8,2020-11-21 11:17:39.339446,_30vl_
2020-11-21 00:48:02.151154,1809,897,16,car,0,65,2020-11-21 01:37:26.600694,ll__gaz
2020-11-21 00:48:24.452442,50000,480,175,beach,0,80,,missd1llon
2020-11-21 00:48:33.816505,3668,1003,260,beach,1,46,2020-11-21 01:37:26.600694,stribuzy
2020-11-21 00:48:36.552523,1812,1020,526,beach,0,8,2020-11-21 11:17:39.339446,chloevtn_
2020-11-21 00:49:11.605912,111,90,23,beach,1,38,2020-11-21 01:37:26.600694,tonykoukos_shadesofgreece
2020-11-21 00:49:16.546496,254,60,592,beach,1,29,,queen_esthawattie
2020-11-21 00:49:19.395266,3271,432,304,beach,1,32,,euemmy_s.r
2020-11-21 01:23:14.548258,2226,1665,143,f2f,1,15,2020-11-21 16:38:48.634110,sanders_zander
2020-11-21 01:23:16.981481,492,267,13,f2f,0,15,2020-11-21 12:22:15.865855,iamjjami_
2020-11-21 01:23:19.479779,4377,1099,3,f2f,0,6,2020-11-21 07:53:34.517241,dian.gelbert
2020-11-21 01:37:37.741537,43900,766,225,instagood,0,13,2020-11-21 15:33:55.577693,gycorbuccioff
2020-11-21 01:37:40.330196,11700,1610,218,instagood,0,12,2020-11-21 14:29:27.269772,lizz.laugh.lunge
2020-11-21 01:37:42.639700,6357,1278,272,instagood,0,6,2020-11-21 07:53:34.517241,abreualaina
2020-11-21 01:38:01.237560,957,1105,48,f2f,1,21,,dany_kpot
2020-11-21 01:38:11.920579,2762,1459,467,f2f,1,19,,shrinking.alexandria
2020-11-21 01:38:17.194133,317,511,320,f2f,0,19,,igetlean
2020-11-21 01:38:27.720555,184000,7500,3765,homemade,0,20,,hinarasool
2020-11-21 01:38:30.492669,3010,1068,1032,homemade,1,18,2020-11-21 19:52:52.829490,bake.bakebake
2020-11-21 01:38:33.999150,1793,2179,133,homemade,1,18,2020-11-21 19:52:52.829490,saraknowles_
2020-11-21 01:38:44.565012,11200,7302,955,l4l,0,23,,torontoforme
2020-11-21 01:38:47.553258,13200,1830,78,l4l,1,15,2020-11-21 17:44:37.313223,im.mia.cat
2020-11-21 01:38:49.661946,808,527,3,l4l,1,8,2020-11-21 11:17:39.339446,viktorianka__
2020-11-21 01:39:00.624480,3363,7487,600,followmeback,0,2,2020-11-21 04:44:43.252601,dimitrouliii__
2020-11-21 01:39:09.559799,930,97,48,followmeback,1,20,,atif_domi
2020-11-21 01:39:12.806534,1326,286,22,followmeback,0,20,,babina_anna_
2020-11-21 01:39:24.419184,5034,7502,417,followers,0,14,2020-11-21 16:38:48.634110,lucelia2017
2020-11-21 01:39:27.009468,5899,7335,10,followers,1,16,2020-11-21 18:46:34.638612,bianca.rita.l
2020-11-21 01:39:29.512473,2199,1227,60,followers,0,19,,_rebeccaratti_
2020-11-21 01:39:41.052045,10200,1180,37,friends,1,7,2020-11-21 08:57:18.404180,sachinpandit9998
2020-11-21 01:39:43.740687,2685,271,209,friends,1,22,,martina_quattrociocchi
2020-11-21 01:39:46.522337,1462,811,389,friends,0,20,,sheplord
2020-11-21 03:42:16.248175,4212,159,59,followstagram,0,9,2020-11-21 13:25:56.931324,tthew.official
2020-11-21 03:42:24.870224,12700,4003,433,followstagram,0,8,2020-11-21 12:22:15.865855,mr_jignesh_dc
2020-11-21 03:42:27.328432,696,209,15,followstagram,0,10,2020-11-21 14:29:27.269772,klaudia.el
2020-11-21 03:42:39.513090,1506,254,324,instalife,1,12,2020-11-21 16:38:48.634110,yulechka_yanysheva
2020-11-21 03:42:42.779053,696,452,226,instalife,0,19,,ilonchik_t
2020-11-21 03:42:45.852247,1027,356,514,instalife,0,16,,mary_mla
2020-11-21 03:43:05.364699,4105,1347,555,homemade,1,5,2020-11-21 08:57:18.404180,federica.ambrosino
2020-11-21 03:43:08.565317,900,1114,79,homemade,0,5,2020-11-21 08:57:18.404180,mytraditionalfarmhouse
2020-11-21 03:43:11.564925,40700,938,711,homemade,0,5,2020-11-21 08:57:18.404180,amandawarren__
2020-11-21 03:43:23.238853,7283,903,488,beach,0,8,2020-11-21 12:22:15.865855,neuzachalala
2020-11-21 03:43:27.076717,2392,2003,559,beach,1,4,2020-11-21 07:53:34.517241,alexandrodavi
2020-11-21 03:43:30.317517,25500,2123,320,beach,0,18,,barbararicelly
2020-11-21 03:43:43.249547,781,2915,13,followeraktif,0,21,,eritoh_alvarez
2020-11-21 03:43:45.613057,1035,307,4,followeraktif,1,5,2020-11-21 08:57:18.404180,deatzhr_rra
2020-11-21 03:43:49.087653,1539,317,5,followeraktif,1,6,2020-11-21 11:17:39.339446,nur.jannah_027
2020-11-21 03:44:07.580240,605,463,24,instalife,1,20,,miss___catherine_
2020-11-21 03:44:16.932861,1302,808,961,instalife,1,5,2020-11-21 08:57:18.404180,kaku_splash_bw
2020-11-21 03:44:19.923186,1057,776,45,instalife,0,8,2020-11-21 12:22:15.865855,_yulia_sirenko_
2020-11-21 03:44:31.534259,1555,179,24,followbackalways,0,3,2020-11-21 07:53:34.517241,raymer_222
2020-11-21 03:44:43.044450,2133,751,293,followbackalways,0,4,2020-11-21 08:57:18.404180,ershmurr
2020-11-21 03:44:45.506536,11400,701,5337,followbackalways,0,20,,la_paillette
2020-11-21 04:45:07.836025,1142,4726,110,f2f,0,11,2020-11-21 16:38:48.634110,travel.around.with.us
2020-11-21 04:45:18.005016,57,53,115,f2f,0,21,,im__bori
2020-11-21 04:45:20.798648,2049,858,80,f2f,1,23,,y_uri_05010
2020-11-21 04:45:30.983245,3487,90,4,instagood,0,9,2020-11-21 14:29:27.269772,__sahil_saini__143
2020-11-21 04:45:39.443596,12500,92,187,instagood,0,11,2020-11-21 16:38:48.634110,__ashoksaini__
2020-11-21 04:45:41.985837,20400,1373,243,instagood,0,18,,carliarene
2020-11-21 04:45:58.719278,1914,183,36,f4f,0,19,,_yul._.99
2020-11-21 04:46:21.284359,1321,521,24,follower4follower,0,22,,mxcaegger
2020-11-21 04:46:29.911180,4621,1367,38,follower4follower,0,2,2020-11-21 07:53:34.517241,lu_nogueira.f
2020-11-21 04:46:41.363684,1801,3004,24,follower4follower,1,15,,craftiamo
2020-11-21 04:46:52.343301,2023,1026,26,followforfollow,0,5,2020-11-21 11:17:39.339446,lis.lightwood
2020-11-21 04:46:55.044968,5875,1180,918,followforfollow,0,20,,rodrigodevon
2020-11-21 04:46:58.500455,3416,280,151,followforfollow,1,23,,ramkishan_dhakad_offical143
2020-11-21 04:47:10.658905,2779,862,34,foodie,1,17,,thayladwig
2020-11-21 04:47:24.397131,6650,466,114,foodie,0,13,2020-11-21 18:46:34.638612,dmvhalalfood
2020-11-21 04:47:27.662679,1995,1720,144,foodie,1,18,,healthyeatsnutrition
2020-11-21 04:47:39.573967,2125,1048,13,followers,1,6,2020-11-21 11:17:39.339446,harum.abright
2020-11-21 04:47:42.740985,11200,113,33,followers,1,23,,mannu._atwal
2020-11-21 04:47:45.066923,2551,2028,7,followers,0,11,2020-11-21 16:38:48.634110,barbosa_samy
2020-11-21 05:48:09.596343,2104,935,43,followeraktif,0,22,,habib_ibnu18
2020-11-21 05:48:17.377956,5069,1925,679,followeraktif,1,12,2020-11-21 18:46:34.638612,biyagallery
2020-11-21 05:48:20.376913,229,938,91,followeraktif,0,7,2020-11-21 13:25:56.931324,mobal.k
2020-11-21 05:48:32.004229,2100,926,21,instagood,1,16,2020-11-21 06:50:28.881256,tuttuasif
2020-11-21 05:48:35.155219,23400,196,385,instagood,0,11,2020-11-21 06:50:28.881256,dimpii_deshmukh
2020-11-21 05:49:12.872302,970,135,15,instadaily,0,4,2020-11-21 06:50:28.881256,prasad_462
2020-11-21 05:49:15.296234,1116,331,15,instadaily,1,8,2020-11-21 06:50:28.881256,shivam_gupta28_7
2020-11-21 05:49:18.808586,4312,230,30,instadaily,0,8,2020-11-21 06:50:28.881256,model_rahulzala
2020-11-21 05:49:30.824982,2557,1330,169,me,1,4,2020-11-21 06:50:28.881256,yazminbeernal
2020-11-21 05:49:33.425565,1736,788,56,me,0,8,2020-11-21 06:50:28.881256,mckayla.wooster
2020-11-21 05:49:44.569329,2557,1330,169,me,0,6,2020-11-21 06:50:28.881256,yazminbeernal
2020-11-21 05:49:47.199400,1736,788,56,me,1,5,2020-11-21 06:50:28.881256,mckayla.wooster
2020-11-21 05:50:02.880345,9467,294,2050,followbackteam,1,7,2020-11-21 06:50:28.881256,yael_shelbiafan
2020-11-21 05:50:05.523338,9467,294,2050,followbackteam,0,14,2020-11-21 06:50:28.881256,yael_shelbiafan
2020-11-21 06:50:40.587764,3575,2151,970,followmefollowyou,0,13,,oksana_biezmienova
2020-11-21 06:50:42.893160,3367,7487,600,followmefollowyou,0,19,,dimitrouliii__
2020-11-21 06:50:45.355544,8247,2991,2011,followmefollowyou,0,17,,2pak_malamute
2020-11-21 06:50:57.298733,5029,247,148,instadaily,0,3,2020-11-21 11:17:39.339446,kharabi_adesh999
2020-11-21 06:51:00.092290,2663,583,51,instadaily,1,9,2020-11-21 16:38:48.634110,aaradhyaaa.99
2020-11-21 06:51:02.932335,3104,190,8,instadaily,0,19,,magdalentje
2020-11-21 06:51:14.247346,2900000,7335,2629,photooftheday,1,12,2020-11-21 19:52:52.829490,nisha_cute199
2020-11-21 06:51:16.777108,1600000,7362,2651,photooftheday,1,9,2020-11-21 16:38:48.634110,pooja_verma501
2020-11-21 06:51:22.092768,40600,1453,999,photooftheday,1,20,,misaelbenzoni
2020-11-21 06:51:34.009310,2458,1914,55,cute,0,23,,bozamariana
2020-11-21 06:51:36.433332,1262,1161,16,cute,1,14,,lot_romo_ojeda
2020-11-21 06:51:39.968279,2275,1268,25,cute,0,19,,maxmnrz
2020-11-21 06:51:51.053699,3783,1139,30,followeraktif,0,10,2020-11-21 17:44:37.313223,mutiahhsnh_
2020-11-21 06:52:01.356825,871,1606,71,followeraktif,1,2,2020-11-21 11:17:39.339446,vickyy_002
2020-11-21 06:52:06.851224,158,257,14,followeraktif,0,7,2020-11-21 14:29:27.269772,jual_followers_08_
2020-11-21 06:52:19.090350,1192,604,17,like4like,1,21,,dewank_parihar_307
2020-11-21 06:52:22.087238,4436,988,32,like4like,0,3,2020-11-21 11:17:39.339446,jaw_boy24
2020-11-21 06:52:30.571007,1314,369,22,like4like,0,4,2020-11-21 11:17:39.339446,hlovve
2020-11-21 06:52:42.279947,3629,1328,310,selfie,0,9,2020-11-21 16:38:48.634110,ferndesol
2020-11-21 06:52:50.539872,263,256,15,selfie,1,10,2020-11-21 17:44:37.313223,xx_oo__7
2020-11-21 06:52:54.426369,1123,206,73,selfie,1,10,2020-11-21 17:44:37.313223,yelmm__12
2020-11-21 07:53:54.266559,4133,1921,330,instalife,1,3,2020-11-21 11:17:39.339446,home_food_recipes_
2020-11-21 07:53:56.800726,37200,80,116,instalife,1,16,,misstanya.7
2020-11-21 07:54:02.244224,490,226,80,instalife,1,12,,voroshin_v
2020-11-21 07:54:13.594233,3622,384,186,instadaily,0,3,2020-11-21 11:17:39.339446,shrishtyy.__
2020-11-21 07:54:17.215382,17400,1247,783,instadaily,1,10,2020-11-21 18:46:34.638612,waleedalchaar
2020-11-21 07:54:20.459260,161,625,30,instadaily,1,11,2020-11-21 19:52:52.829490,cookies_aidan
2020-11-21 07:54:31.140053,1084,55,21,followmeback,0,19,,d.i_0.1
2020-11-21 07:54:34.377381,1425,287,23,followmeback,1,2,2020-11-21 11:17:39.339446,i1ay.r
2020-11-21 07:54:37.078664,957,1941,38,followmeback,1,15,,__isha_ra__
2020-11-21 07:54:48.683435,787,168,93,friends,0,12,,official_dj_aniket
2020-11-21 07:54:51.390008,1677,631,12,friends,1,9,2020-11-21 17:44:37.313223,oneside760
2020-11-21 07:54:53.752187,15000,100,226,friends,0,17,,sarcasqo
2020-11-21 07:55:05.093891,3395,7496,347,doglovers,1,4,2020-11-21 12:22:15.865855,ailinbagherdaei
2020-11-21 07:55:07.832562,2102,3091,66,doglovers,1,18,,cuteeedoggo
2020-11-21 07:55:10.360375,1745,2766,198,doglovers,1,5,2020-11-21 13:25:56.931324,jinali.24
2020-11-21 07:55:23.563905,5706,802,750,foodie,0,12,,visionofbihar
2020-11-21 07:55:26.606465,1312,159,211,foodie,0,16,,udderdelightsri
2020-11-21 07:55:32.968533,5420,226,13,foodie,0,2,2020-11-21 11:17:39.339446,adheena_hanza
2020-11-21 07:55:43.797095,8097,453,302,f4f,1,3,2020-11-21 11:17:39.339446,aparinav__
2020-11-21 07:55:46.920553,774,104,9,f4f,1,2,2020-11-21 11:17:39.339446,elfi_in
2020-11-21 07:55:49.426246,968,338,7,f4f,1,16,,_deuu
2020-11-21 08:57:29.666482,4105,1179,812,photooftheday,0,15,,enrica_vollaro
2020-11-21 08:57:32.700920,15200,310,42,photooftheday,0,21,,ishaq.calligraphy
2020-11-21 08:57:35.135704,1500000,7353,3064,photooftheday,0,6,2020-11-21 15:33:55.577693,poonam_singh_777
2020-11-21 08:57:46.531091,6087,1726,488,followback,1,20,2020-11-21 11:17:39.339446,cfwilort7
2020-11-21 08:57:50.166244,933,482,27,followback,0,17,2020-11-21 11:17:39.339446,_ten__o
2020-11-21 08:58:19.634603,4376,1099,3,f2f,0,5,2020-11-21 11:17:39.339446,dian.gelbert
2020-11-21 08:58:26.825194,1194,300,217,f2f,0,3,2020-11-21 11:17:39.339446,neulpang_cake
2020-11-21 08:58:29.349649,80,77,28,f2f,1,18,2020-11-21 11:17:39.339446,tunakkara
2020-11-21 08:58:40.277888,2003,1999,89,followback,0,2,2020-11-21 11:17:39.339446,shay2624
2020-11-21 08:58:42.743877,933,482,27,followback,1,15,2020-11-21 11:17:39.339446,_ten__o
2020-11-21 08:58:45.243975,1907,619,208,followback,0,23,2020-11-21 11:17:39.339446,rebecca_giannuzzi
2020-11-21 08:58:57.882044,175000,1682,1148,beach,0,13,2020-11-21 11:17:39.339446,alipaolinetti
2020-11-21 08:59:00.485107,740,1157,42,beach,0,19,2020-11-21 11:17:39.339446,d_.jamdar
2020-11-21 08:59:03.439698,6228,2423,206,beach,1,12,2020-11-21 11:17:39.339446,jens_fitness_
2020-11-21 08:59:18.962174,8119,294,63,f4f,1,11,2020-11-21 11:17:39.339446,_meejoo_
2020-11-21 08:59:33.224926,2568,1099,798,beach,0,2,2020-11-21 11:17:39.339446,aor.pratana
2020-11-21 08:59:35.559658,740,1157,42,beach,1,17,2020-11-21 11:17:39.339446,d_.jamdar
2020-11-21 08:59:39.393155,6228,2423,206,beach,0,9,2020-11-21 11:17:39.339446,jens_fitness_
2020-11-21 10:26:28.145993,9468,294,2050,followbackteam,0,9,2020-11-21 19:52:52.829490,yael_shelbiafan
2020-11-21 10:27:20.489369,356,229,5,beach,0,14,,wait_wut4544_
2020-11-21 10:27:38.127127,2529,7327,20,me,0,9,2020-11-21 19:52:52.829490,immansidhama
2020-11-21 10:28:02.964818,1047,495,761,instalife,0,21,2020-11-21 11:17:39.339446,annsolnushko
2020-11-21 10:28:22.706361,2744,564,603,cute,0,4,2020-11-21 11:17:39.339446,jasmin_acar
2020-11-21 11:17:51.152946,4702,298,15,like4like,0,17,,monu_sk_offical
2020-11-21 11:17:53.967043,2708,959,224,like4like,0,15,,_alina_0450_
2020-11-21 11:17:56.508328,12700,7061,353,like4like,0,23,,gautamhasijafitnesss
2020-11-21 11:18:18.615045,766,68,165,followstagram,1,16,,ishan_sheikh_4_ever
2020-11-21 11:18:27.638631,2615,6404,9,followstagram,0,18,,lena_ferreira80
2020-11-21 11:18:32.668937,1182,514,313,followstagram,1,10,,a_realgold
2020-11-21 11:18:43.399204,9658,908,896,foodie,0,18,,gonutsfrance
2020-11-21 11:18:46.098622,5166,303,334,foodie,0,17,,jaspreetdyora
2020-11-21 11:18:48.769974,35900,833,2637,foodie,0,15,,veronicascookemore
2020-11-21 11:19:24.517744,1007,48,32,followstagram,0,19,,shefishafeel
2020-11-21 11:19:26.544757,413,1005,2,followstagram,1,23,,jordan_heild
2020-11-21 11:19:29.104981,461,459,11,followstagram,0,18,,sakuyafrienander
2020-11-21 11:19:40.700329,1427,287,23,followmeback,0,6,2020-11-21 17:44:37.313223,i1ay.r
2020-11-21 11:19:43.404262,418,80,49,followmeback,0,9,,kingdishant
2020-11-21 11:19:46.727434,1107,1955,16,followmeback,0,12,,pawan_sharma_.05
2020-11-21 11:19:57.631672,1796,1247,232,followbackinstantly,0,4,2020-11-21 15:33:55.577693,sannahsmits
2020-11-21 11:20:00.637260,1564,180,24,followbackinstantly,0,9,,raymer_222
2020-11-21 11:20:02.937242,22700,3162,11,followbackinstantly,0,23,,cosminaa.18
2020-11-21 11:20:38.282019,19600,24,596,followstagram,1,12,,brandedmemes1
2020-11-21 11:20:41.249652,186,96,675,followstagram,1,10,,taziikhan
2020-11-21 11:20:50.782553,267,46,41,followstagram,0,8,2020-11-21 19:52:52.829490,s_h.e.k_s_h_a
2020-11-21 12:22:32.893798,4622,1369,38,follower4follower,1,10,,lu_nogueira.f
2020-11-21 12:22:43.877929,1626,368,48,follower4follower,0,10,,k.__.eunjjjjj
2020-11-21 12:22:51.783050,94,151,19,follower4follower,1,9,2020-11-21 13:25:56.931324,whats_wanderlust
2020-11-21 12:23:28.474733,10500,3068,107,cute,1,6,2020-11-21 13:25:56.931324,jesshaddarah_
2020-11-21 12:23:43.159823,7928,1673,957,photooftheday,0,21,2020-11-21 13:25:56.931324,giulianabattaglia
2020-11-21 12:23:45.904318,7989,1015,187,photooftheday,1,7,2020-11-21 13:25:56.931324,carolinarpereira_
2020-11-21 12:23:49.721902,3248,1861,47,photooftheday,0,14,2020-11-21 13:25:56.931324,_.aswn.__
2020-11-21 12:24:02.811667,1046,495,761,instalife,1,14,2020-11-21 13:25:56.931324,annsolnushko
2020-11-21 12:24:05.083834,28200,372,2749,instalife,0,7,2020-11-21 13:25:56.931324,_h_y_e
2020-11-21 12:24:17.889938,83900,688,3616,doglovers,0,21,2020-11-21 13:25:56.931324,melinaesmeralda
2020-11-21 12:24:20.199353,22600,7486,341,doglovers,0,8,2020-11-21 13:25:56.931324,pomeraniancuddles
2020-11-21 12:24:22.656609,14100,2397,1043,doglovers,0,11,2020-11-21 13:25:56.931324,jessicalouisegladstone
2020-11-21 12:24:36.653067,432,776,19,followbackteam,0,3,2020-11-21 13:25:56.931324,sofflora
2020-11-21 12:24:42.296467,24400,7498,295,followbackteam,1,7,2020-11-21 13:25:56.931324,real_sirrbenny254
2020-11-21 12:24:48.591711,1246,960,14,followbackteam,0,14,2020-11-21 13:25:56.931324,_fxntxstic__46___
2020-11-21 13:26:06.842327,1858,1059,2,instadaily,0,2,2020-11-21 16:38:48.634110,xlbxrrv
2020-11-21 13:26:09.467797,3769,824,293,instadaily,0,10,,hisdailypassion
2020-11-21 13:26:17.514427,1950,398,3,instadaily,0,16,,fatoooommi
2020-11-21 13:26:28.175248,1192,378,34,l4l,0,12,,00_708
2020-11-21 13:26:30.781984,1120,488,16,l4l,0,23,,qndindbq_i_i
2020-11-21 13:26:33.112590,1765,198,128,l4l,1,15,,olyamiamiofficial_
2020-11-21 13:26:45.810921,4119,824,144,homemade,0,4,2020-11-21 17:44:37.313223,lacremeriedesbaratineurs
2020-11-21 13:26:48.590690,3399,797,3113,homemade,1,3,2020-11-21 16:38:48.634110,lady_vom_fjord
2020-11-21 13:26:51.392930,9365,594,504,homemade,1,7,,0phelie.grd
2020-11-21 13:27:05.227728,5982,392,63,followbackinstantly,1,2,2020-11-21 16:38:48.634110,josilicious
2020-11-21 13:27:12.677428,1014,179,11,followbackinstantly,0,4,2020-11-21 17:44:37.313223,pirozhenko29
2020-11-21 13:27:15.852146,2605,613,946,followbackinstantly,0,3,2020-11-21 16:38:48.634110,buntykainth
2020-11-21 13:27:27.291031,22300,3574,24,friends,1,23,,l.reez.l
2020-11-21 13:27:29.815726,2541,234,41,friends,0,19,,madalina_blendea
2020-11-21 13:27:35.338010,10200,3122,368,friends,1,7,,francycadamuro
2020-11-21 13:27:47.575736,1194,177,20,iliketurtles,0,6,2020-11-21 19:52:52.829490,__.harshil._.malviya.__
2020-11-21 13:27:50.635164,5550,5709,89,iliketurtles,0,21,,hala.alshazly
2020-11-21 13:27:53.525230,423,217,24,iliketurtles,0,6,2020-11-21 19:52:52.829490,piyushdolas1234
2020-11-21 13:28:05.357066,2210,937,37,selfie,1,9,,2_gaju
2020-11-21 13:28:08.043357,2085,165,118,selfie,0,5,2020-11-21 18:46:34.638612,chaeqqm
2020-11-21 13:28:11.031685,862,336,15,selfie,0,15,,p._.urify._.u
2020-11-21 14:29:44.238322,419,595,15,iliketurtles,1,6,,mr.saurabh_raut.45
2020-11-21 14:29:47.445261,1115,667,292,iliketurtles,0,11,,abith_k_jayaraj_
2020-11-21 14:29:50.818655,1121,874,19,iliketurtles,0,23,,rithik_sukumaran_
2020-11-21 14:30:08.347404,1373,1887,927,igdaily,1,17,,aysemmgokce
2020-11-21 14:30:27.670909,2753,1743,411,sharefood,1,12,,sweet_sweet_recipes
2020-11-21 14:30:30.701680,339,296,61,sharefood,1,7,,dodinaafoodstories
2020-11-21 14:30:34.566480,16500,2719,1789,sharefood,0,14,,chef_nitisha
2020-11-21 14:30:54.514232,1839,260,1205,sharefood,1,19,,cookin_liguria
2020-11-21 14:30:57.387834,1415,1586,411,sharefood,0,2,2020-11-21 17:44:37.313223,pontevittorio
2020-11-21 14:30:59.792151,100000,1,8140,sharefood,0,23,,tasty.salads
2020-11-21 14:31:10.468109,2272,708,55,followbackteam,1,22,,professional_nawab
2020-11-21 14:31:13.110794,475,956,19,followbackteam,1,14,,sofflora
2020-11-21 14:31:15.589154,1247,960,14,followbackteam,0,7,,_fxntxstic__46___
2020-11-21 14:31:27.403377,7307,999,225,foodporn,1,13,,untoebisunto_
2020-11-21 14:31:30.412624,25600,975,137,foodporn,1,19,,lauritz_hofmann
2020-11-21 14:31:33.477841,4321,1810,164,foodporn,0,18,,thetravelfoodstories
2020-11-21 14:32:09.597939,2363,596,85,follower4follower,1,5,2020-11-21 19:52:52.829490,ana.orlando.93
2020-11-21 14:32:12.214307,104,580,8,follower4follower,1,13,,designluxur
2020-11-21 14:32:18.005266,1486,866,530,follower4follower,1,6,,gianluca_misterprofumo
2020-11-21 15:34:06.424872,19300,896,723,cute,0,19,,paniachromatyczna
2020-11-21 15:34:09.839741,6573,2406,439,cute,0,5,,alicepngrcz
2020-11-21 15:34:13.037966,2242,522,10,cute,0,6,,itz_.ravi
2020-11-21 15:34:24.822393,1566,984,44,followme,0,20,,p__key
2020-11-21 15:34:27.719406,2499,921,27,followme,1,23,,__niixx
2020-11-21 15:34:30.000257,10300,450,101,followme,0,11,,daria_kmita
2020-11-21 15:34:40.880156,1797,1247,232,followbackinstantly,1,14,,sannahsmits
2020-11-21 15:34:59.297750,3173,1690,101,followbackinstantly,1,20,,mrandmissshsghana
2020-11-21 15:35:02.139685,3002,2162,468,followbackinstantly,0,5,2020-11-21 19:52:52.829490,ale_migliore
2020-11-21 15:35:13.197981,987,211,60,f4f,1,8,,_irillzz__
2020-11-21 15:35:16.751729,712,206,57,f4f,1,2,2020-11-21 18:46:34.638612,d.an_c
2020-11-21 15:35:19.118402,515,288,10,f4f,0,18,,yuzn__2
2020-11-21 15:35:30.459577,9649,4977,124,photooftheday,1,20,,lisesandbeerg
2020-11-21 15:35:36.401862,33700,3790,1236,photooftheday,1,3,2020-11-21 18:46:34.638612,trekkingandphotography
2020-11-21 15:35:39.606592,2949,1128,102,photooftheday,0,9,,lauralaiinez_
2020-11-21 15:35:51.521268,22400,1072,386,beach,1,13,,aleeguiguren
2020-11-21 15:35:53.961668,37400,3135,724,beach,1,12,,globevoyagersclub
2020-11-21 15:35:57.286946,1795,973,80,beach,1,21,,itsnaveennaik
2020-11-21 15:36:08.462417,621,392,13,instadaily,1,4,2020-11-21 19:52:52.829490,para__d1se
2020-11-21 15:36:11.125105,3471,2810,135,instadaily,1,3,2020-11-21 19:52:52.829490,niki_iak
2020-11-21 15:36:14.589617,130000,984,224,instadaily,0,8,,yazid93_
2020-11-21 16:39:03.739573,24200,3912,1738,instalife,0,6,,gabicarneirob
2020-11-21 16:39:06.638827,52000,695,5895,instalife,1,11,,cuisiniere
2020-11-21 16:39:10.217727,2534,1031,1083,instalife,0,2,,aureliastephanie
2020-11-21 16:39:29.790863,2606,613,946,followbackinstantly,0,22,,buntykainth
2020-11-21 16:39:43.771638,34,7,6,followbackinstantly,0,12,,_arushi__064
2020-11-21 16:39:47.457115,1065,548,14,followbackinstantly,1,6,,crazy_sk___
2020-11-21 16:39:58.459476,3035,1494,156,doglovers,0,16,,bobbyd89_
2020-11-21 16:40:01.377687,19800,1553,730,doglovers,1,9,,savannahgoldenretriever
2020-11-21 16:40:03.998705,2476,1878,852,doglovers,0,22,,giorgiadanese
2020-11-21 16:40:25.665220,1622,450,317,instalife,1,13,,ilee99
2020-11-21 16:40:28.215353,1611,191,114,instalife,0,5,,___its__ritik_52
2020-11-21 16:40:31.523411,4347,2941,537,instalife,1,19,,janicka_murarova
2020-11-21 16:41:00.261473,7140,4518,725,instalife,1,23,,sandraodinsdottir
2020-11-21 16:41:03.689817,2499,2802,730,instalife,0,13,,dablio_gualandi
2020-11-21 16:41:06.268501,135,116,295,instalife,1,22,,m_kom7
2020-11-21 16:41:20.290939,35300,7352,120,followmefollowyou,1,17,,abang_mez
2020-11-21 16:41:31.368986,14700,7490,1259,followmefollowyou,0,7,,eri_6694
2020-11-21 16:41:36.068018,1117,573,34,followmefollowyou,0,17,,palak_patel_.1
2020-11-21 16:42:04.647391,1458,6004,30,iliketurtles,0,6,,mr_sunny_9003
2020-11-21 16:42:09.412215,656,1054,34,iliketurtles,1,9,,tushar.1230
2020-11-21 16:42:12.397116,1006,129,79,iliketurtles,1,2,,_____romeo_._pie
2020-11-21 17:44:48.631272,70000,447,1356,instagood,0,10,,anechka_m
2020-11-21 17:44:51.158050,2793,391,45,instagood,1,18,,txnishx
2020-11-21 17:44:53.809761,1063,188,74,instagood,0,14,,betingrajaaman
2020-11-21 17:45:05.117257,4172,907,442,sharefood,1,14,,dulcisinfundo_blog
2020-11-21 17:45:14.050008,4432,3912,493,sharefood,0,3,,la_locanda_gesu_vecchio
2020-11-21 17:45:24.434124,12700,1368,247,sharefood,1,3,,_iqu_
2020-11-21 17:45:36.204712,122000,2020,1703,friends,0,6,,couplegoaal1
2020-11-21 17:45:39.798849,1100,92,9,friends,1,8,,mr_irfu_0786
2020-11-21 17:45:48.556188,1071,577,130,friends,0,2,,alesiacekrezi
2020-11-21 17:45:59.551303,494,268,13,f2f,0,9,,iamjjami_
2020-11-21 17:46:03.264013,1782,2185,75,f2f,0,23,,rawdasquest
2020-11-21 17:46:12.071889,4376,1099,3,f2f,0,7,,dian.gelbert
2020-11-21 17:46:37.448598,853,369,86,f2f,1,21,,_ciaobellla_
2020-11-21 17:46:52.397456,737,6295,244,f2f,1,11,,tokooriginalbranded
2020-11-21 17:46:55.167201,404,413,42,f2f,0,20,,the_wanderer_paul
2020-11-21 17:47:07.812011,3864,1151,380,follower4follower,0,11,,j.yulik
2020-11-21 17:47:33.530501,5642,2915,1698,follower4follower,0,16,,isa_germany
2020-11-21 17:47:41.607054,15200,576,690,follower4follower,0,19,,aniello_cascone
2020-11-21 17:48:28.416131,18,28,101,follower4follower,0,2,,bad_boy_awais_143
2020-11-21 17:48:31.075936,22500,3262,92,follower4follower,0,19,,yonnyvumadja
2020-11-21 17:50:02.241415,31,24,5,follower4follower,1,22,,_luanaarena_
2020-11-21 18:46:45.568694,2794,1851,30,followback,1,22,,morena_galioto
2020-11-21 18:46:48.335040,6757,1699,210,followback,1,3,,_tanjaden_
2020-11-21 18:46:51.462715,3753,995,185,followback,0,14,,mayaralindsey
2020-11-21 18:47:01.827269,4212,160,59,followstagram,0,7,,tthew.official
2020-11-21 18:47:04.582343,698,209,15,followstagram,1,13,,klaudia.el
2020-11-21 18:47:14.134725,12700,4004,434,followstagram,1,9,,mr_jignesh_dc
2020-11-21 18:47:33.637653,18800,8,393,ski,0,4,,ski4style
2020-11-21 18:47:36.170718,2814,938,162,ski,1,16,,sport_anja
2020-11-21 18:47:45.227639,32700,1539,2040,ski,0,12,,fairmontwhistlr
2020-11-21 18:47:56.146005,3580,845,192,me,0,16,,i.am.giorgia7
2020-11-21 18:47:59.030076,1283,432,3,me,0,22,,timjenckel10
2020-11-21 18:48:07.633426,4616,191,113,me,0,7,,elisssa_m
2020-11-21 18:48:18.732995,952,2944,45,tagblender,0,9,,fong_50_skp
2020-11-21 18:48:21.135337,520,118,36,tagblender,0,13,,lisajuliaweber
2020-11-21 18:48:23.946623,1002,1969,416,tagblender,1,14,,danae_ioan
2020-11-21 18:48:38.053902,6056,392,63,followbackinstantly,1,23,,josilicious
2020-11-21 18:48:50.387103,1016,179,11,followbackinstantly,0,16,,pirozhenko29
2020-11-21 18:48:57.731949,49,236,8,followbackinstantly,1,10,,afr_icanprince
2020-11-21 18:49:09.320543,10400,1463,1902,homemade,0,8,,pascale_weeks
2020-11-21 18:49:12.060591,946,790,28,homemade,1,18,,rahul100ni4879
2020-11-21 18:49:14.561351,1047,962,8,homemade,1,14,,alenkresojevic
2020-11-21 19:53:04.357037,3265,429,953,followbackteam,1,9,,yuliya_yulisa
2020-11-21 19:53:07.386205,9481,294,2050,followbackteam,0,7,,yael_shelbiafan
2020-11-21 19:53:10.104418,435,2046,68,followbackteam,0,9,,sangram_singh_parmar_nua
2020-11-21 19:53:21.189957,12100,5821,140,clothing,0,6,,megastorescy
2020-11-21 19:53:23.697600,1191,528,124,clothing,1,20,,mandystefanie
2020-11-21 19:53:27.219427,210000,291,675,clothing,0,21,,jax.vita
2020-11-21 19:53:38.125582,1009,6,9,rockstar,1,14,,model_ka_bap_nishu
2020-11-21 19:53:41.673967,81000,400,2323,rockstar,0,15,,themviralmusicians
2020-11-21 19:53:45.286883,71200,5510,1874,rockstar,1,20,,rockplus
2020-11-21 19:54:04.273949,11200,7328,114,clothing,1,4,,_pony_slaystation_
2020-11-21 19:54:07.051271,2753,1606,62,clothing,1,16,,call_me_lb
2020-11-21 19:54:09.670866,446,576,19,clothing,1,12,,blueberry_018
