follow_time,unfollow_time,account_username
2020-11-20 13:35:10.212053,,a_a.photography01
2020-11-20 13:35:10.212053,,annecymarketing
2020-11-20 13:35:10.212053,,hot_hellll
2020-11-20 13:35:10.212053,,olympiancars
2020-11-20 13:35:10.212053,,leradiantco_fashionstore20
2020-11-20 13:35:10.212053,,lamboworldcar12
2020-11-20 13:35:10.212053,2020-11-20 14:20:00.372852,_ludreiss
2020-11-20 13:35:10.212053,,erwan.henry
2020-11-20 13:35:10.212053,,tom_scheer
2020-11-20 13:35:10.212053,,mahamed_aljaff
2020-11-20 13:35:10.212053,,manu.dhanesh.7
2020-11-20 13:35:10.212053,,___david__lucca_10
2020-11-20 13:35:10.212053,,mr_sandip_001_
2020-11-20 13:35:10.212053,,love.carslikethis
2020-11-20 13:35:10.212053,,gwendo.j
2020-11-20 13:35:10.212053,,34_skimonster_34
2020-11-20 13:35:10.212053,,cralalouille
2020-11-20 13:35:10.212053,,julienzouh
2020-11-20 13:35:10.212053,,alecdragalina
2020-11-20 13:35:10.212053,,mathieutrompette
2020-11-20 13:35:10.212053,,kathejac
2020-11-20 13:35:10.212053,,alinapo15
2020-11-20 13:35:10.212053,,sjpaine
2020-11-20 13:35:10.212053,,turkiye_kis_sporlari_
2020-11-20 13:35:10.212053,,ra.ionescu
2020-11-20 13:35:10.212053,,romainjayles
2020-11-20 13:35:10.212053,,m.a.r.y.m.a.d
2020-11-20 13:35:10.212053,,gabycheg
2020-11-20 13:35:10.212053,,iurinog
2020-11-20 13:35:10.212053,,chris.gen06
2020-11-20 13:35:10.212053,,alexandre_jatteau
2020-11-20 13:35:10.212053,,alienorproffit
2020-11-20 13:35:10.212053,,mags_vbg
2020-11-20 13:35:10.212053,,mariemarrrr
2020-11-20 13:35:10.212053,,agnau_
2020-11-20 13:35:10.212053,,cecysteine
2020-11-20 13:35:10.212053,,lauralopoliv
2020-11-20 13:35:10.212053,,zs.szabina
2020-11-20 13:35:10.212053,,charly_papalia
2020-11-20 13:35:10.212053,,k.r.namkeens
2020-11-20 13:35:10.212053,,queenofless
2020-11-20 13:35:10.212053,,tudgesimon
2020-11-20 13:35:10.212053,,galgaabri
2020-11-20 13:35:10.212053,,apoorva.this
2020-11-20 13:35:10.212053,,ar_tom1
2020-11-20 13:35:10.212053,,leandradesain
2020-11-20 13:35:10.212053,,tomatefanqie
2020-11-20 13:35:10.212053,,tritri_la_fripouille
2020-11-20 13:35:10.212053,,gujju_foodie_
2020-11-20 13:35:10.212053,,sonph11
2020-11-20 13:35:10.212053,,temi.ly
2020-11-20 13:35:10.212053,,braunmagrin
2020-11-20 13:35:10.212053,,jovphi
2020-11-20 13:35:10.212053,,fraz203
2020-11-20 13:35:10.212053,,pranav.versed
2020-11-20 13:35:10.212053,,ritajlee
2020-11-20 13:35:10.212053,,martapenzo
2020-11-20 13:35:10.212053,,rk_onhisway
2020-11-20 13:35:10.212053,,challengegta
2020-11-20 13:35:10.212053,,be__healty
2020-11-20 13:35:10.212053,,carsaremarvelous
2020-11-20 13:35:10.212053,,kevinmigoux
2020-11-20 13:35:10.212053,,elisq90
2020-11-20 13:35:10.212053,,vagvsjdm
2020-11-20 13:35:10.212053,,karimoba_0o
2020-11-20 13:35:10.212053,,automax_toyotakit
2020-11-20 13:35:10.212053,,yoandre_fernandez
2020-11-20 13:35:10.212053,,_bmw.sport._
2020-11-20 13:35:10.212053,,paauu_lynne
2020-11-20 13:35:10.212053,,__lylla__
2020-11-20 13:35:10.212053,,bobaz_zz
2020-11-20 13:35:10.212053,,kurtfather
2020-11-20 13:35:10.212053,,davi_bebeincrivel
2020-11-20 13:35:10.212053,,ikiwujuteroso
2020-11-20 13:35:10.212053,,moises.salles_
2020-11-20 13:35:10.212053,,vishnevskaia3655
2020-11-20 13:35:10.212053,,tim.stangel
2020-11-20 13:35:10.212053,,peach.aliexpress
2020-11-20 13:35:10.212053,,jnvgjmmkkj
2020-11-20 13:35:10.212053,,aestheticvideoswithloz
2020-11-20 13:35:10.212053,,cars_gang_ua
2020-11-20 13:35:10.212053,,daaa_fit
2020-11-20 13:35:10.212053,,stathesh
2020-11-20 13:35:10.212053,,edgarsophy
2020-11-20 13:35:10.212053,,life_in_south_korea
2020-11-20 13:35:10.212053,,baby.cong
2020-11-20 13:35:10.212053,,oliver_lapointe_
2020-11-20 13:35:10.212053,,_milana912
2020-11-20 13:35:10.212053,,dancemalyshka_offi
2020-11-20 13:35:10.212053,,helppfolllow
2020-11-20 13:35:10.212053,,stranger_thingsng
2020-11-20 13:35:10.212053,,tattondpiercing
2020-11-20 13:35:10.212053,,janzalpr
2020-11-20 13:35:10.212053,,luxloungeoficial
2020-11-20 13:35:10.212053,,puzzlegunstore
2020-11-20 13:35:10.212053,,apricotlane
2020-11-20 13:35:10.212053,,mariedopiettre
2020-11-20 13:35:10.212053,,expressorural_sc
2020-11-20 13:35:10.212053,,tyyymooo
2020-11-20 13:35:10.212053,,ldrpierre
2020-11-20 13:35:10.212053,,luisfonsi_lovers
2020-11-20 13:35:10.212053,,miguel_zavi
2020-11-20 13:35:10.212053,,shio.29
2020-11-20 13:35:10.212053,,elloranath
2020-11-20 13:35:10.212053,,nynkeslegten
2020-11-20 13:35:10.212053,,sal_udybienestar
2020-11-20 13:35:10.212053,,miragefashionfever
2020-11-20 13:35:10.212053,,cazzamillions
2020-11-20 13:35:10.212053,,runningalone__
2020-11-20 13:35:10.212053,,valentinmanes
2020-11-20 13:35:10.212053,,bahadurmertautama
2020-11-20 13:35:10.212053,,kebubsart
2020-11-20 13:35:10.212053,,dom_pfft
2020-11-20 13:35:10.212053,,anneflo_lagre
2020-11-20 13:35:10.212053,,jeanfrancoisveyrie
2020-11-20 13:35:10.212053,,givemeyoursponge
2020-11-20 13:35:10.212053,,soldaniugo
2020-11-20 13:35:10.212053,,othaizem
2020-11-20 13:35:10.212053,,flore_.grd
2020-11-20 13:35:10.212053,,agathe.dortu
2020-11-20 13:35:10.212053,,yausteph
2020-11-20 13:35:10.212053,,bnzyassine
2020-11-20 13:35:10.212053,,alinaelenastanciu
2020-11-20 13:35:10.212053,,victoriabsq
2020-11-20 13:35:10.212053,,tothbencef
2020-11-20 13:35:10.212053,,adamantia.psarologou
2020-11-20 13:35:10.212053,,guillaumegavoille
2020-11-20 13:35:10.212053,,lauragouzy
2020-11-20 13:35:10.212053,,ramirez_remy
2020-11-20 13:35:10.212053,,malek.mgaidi
2020-11-20 13:35:10.212053,,misilviah
2020-11-20 13:35:10.212053,,julie_petta
2020-11-20 13:35:10.212053,,apollinedegivry
2020-11-20 13:35:10.212053,,maria_giulia_cicognani
2020-11-20 13:35:10.212053,,marguelar
2020-11-20 13:35:10.212053,,alice_thms
2020-11-20 13:35:10.212053,,louisdedinechin
2020-11-20 13:35:10.212053,,gaet_mrchl77
2020-11-20 13:35:10.212053,,dianacardegna
2020-11-20 13:35:10.212053,,taka_kode
2020-11-20 13:35:10.212053,,monia_chouaibi
2020-11-20 13:35:10.212053,,nansooou
2020-11-20 13:35:10.212053,,dzorak
2020-11-20 13:35:10.212053,,sixtduss
2020-11-20 13:35:10.212053,,martha_topeteq
2020-11-20 13:35:10.212053,,celiaantier
2020-11-20 13:35:10.212053,,vishtree
2020-11-20 13:35:10.212053,,gaelletremeau
2020-11-20 13:35:10.212053,,baarthbdt
2020-11-20 13:35:10.212053,,paproffit
2020-11-20 13:35:10.212053,,marinepaillere
2020-11-20 13:35:10.212053,,lorellayfr
2020-11-20 13:35:10.212053,,ismail.mrtd
2020-11-20 13:35:10.212053,,antoine_necklace
2020-11-20 13:35:10.212053,,vian_ney88
2020-11-20 13:35:10.212053,,axel.chauvin
2020-11-20 13:35:10.212053,,caroline_dck
2020-11-20 13:35:10.212053,,mariam_mkar
2020-11-20 13:35:10.212053,,orest.ta
2020-11-20 13:35:10.212053,,kourtasami
2020-11-20 13:35:10.212053,,petitmaskime
2020-11-20 13:35:10.212053,,feuhtre
2020-11-20 13:35:10.212053,,hermannfedex
2020-11-20 14:20:00.377859,,audi_the_king_otr
